desc: I1 cache:         16384 B, 64 B, 4-way associative
desc: D1 cache:         16384 B, 64 B, 4-way associative
desc: LL cache:         262144 B, 64 B, 8-way associative
cmd: ./csc_demo
events: Ir I1mr ILmr Dr D1mr DLmr Dw D1mw DLmw 
fl=./csu/../sysdeps/nptl/libc_start_call_main.h
fn=(below main)
29 14 1 1 5 1 0 5 0 0
44 2 0 0 0 0 0 0 0 0
46 1 0 0 0 0 0 0 0 0
48 1 0 0 0 0 0 0 0 0
51 7 0 0 2 1 0 2 0 0
55 2 0 0 0 0 0 1 0 0
58 7 0 0 7 0 0 0 0 0
74 1 1 1 0 0 0 0 0 0
fn=???
29 1 1 1 0 0 0 1 0 0
fl=./csu/../sysdeps/unix/sysv/linux/arm/libc-do-syscall.S
fn=???
40 835 2 2 0 0 0 1670 173 3
fn=__libc_do_syscall
45 835 0 0 0 0 0 0 0 0
46 835 0 0 0 0 0 0 0 0
47 834 0 0 1668 0 0 0 0 0
fl=./csu/init-first.c
fn=_init_first
46 6 0 0 1 0 0 4 0 0
51 3 0 0 1 0 0 0 0 0
55 8 0 0 6 1 0 0 0 0
61 2 0 0 1 0 0 0 0 0
62 1 0 0 0 0 0 2 0 0
63 3 0 0 2 1 0 1 1 1
71 3 0 0 0 0 0 0 0 0
72 2 0 0 4 0 0 0 0 0
fn=svctcp_rendezvous_abort
51 1 1 1 1 1 1 0 0 0
fl=./csu/libc-start.c
fn=(below main)
242 1 1 1 0 0 0 9 0 0
fn=__libc_start_main@@GLIBC_2.34
128 3 1 1 3 0 0 0 0 0
134 2 0 0 1 0 0 0 0 0
135 8 0 0 3 1 0 1 0 0
138 1 0 0 1 0 0 0 0 0
139 2 0 0 0 0 0 0 0 0
141 1 1 1 1 0 0 0 0 0
142 1 0 0 1 0 0 0 0 0
143 3 0 0 2 0 0 0 0 0
144 9 0 0 1 0 0 1 0 0
145 5 0 0 1 0 0 0 0 0
242 8 1 1 2 1 1 0 0 0
311 2 0 0 0 0 0 0 0 0
312 4 0 0 0 0 0 0 0 0
337 5 0 0 3 0 0 0 0 0
340 1 0 0 0 0 0 0 0 0
343 3 0 0 3 0 0 0 0 0
350 2 0 0 1 0 0 0 0 0
352 2 0 0 0 0 0 0 0 0
360 4 0 0 0 0 0 0 0 0
fl=./ctype/ctype-info.c
fn=__ctype_init
39 12 1 0 6 5 0 1 0 0
41 2 0 0 1 0 0 0 0 0
42 1 0 0 0 0 0 2 0 0
43 2 0 0 1 0 0 0 0 0
44 1 0 0 0 0 0 0 0 0
fn=__ctype_tolower_loc
39 1 1 1 1 1 1 0 0 0
fl=./elf/../include/list.h
fn=__tls_init_tp
43 3 0 0 1 0 0 1 0 0
44 2 0 0 0 0 0 1 0 0
45 1 0 0 0 0 0 1 0 0
46 1 0 0 0 0 0 0 0 0
47 1 0 0 0 0 0 1 0 0
fn=__tls_pre_init_tp
43 1 1 0 1 1 1 0 0 0
fl=./elf/../include/rtld-malloc.h
fn=__minimal_calloc
56 40 0 0 16 2 0 0 0 0
fn=_dl_allocate_tls_storage
56 5 0 0 2 0 0 0 0 0
fn=_dl_check_map_versions
44 21 1 1 6 1 1 3 0 0
fn=_dl_find_object_init
56 6 0 0 2 1 0 0 0 0
fn=_dl_important_hwcaps
56 12 1 1 4 0 0 2 0 0
fn=_dl_init_paths
56 13 0 0 5 0 0 0 0 0
fn=_dl_map_object_deps
56 15 1 1 6 0 0 0 0 0
fn=_dl_new_object
44 15 2 1 6 1 0 0 0 0
56 10 0 0 6 0 0 0 0 0
fn=allocate_dtv
44 6 0 0 2 0 0 0 0 0
fn=fillin_rpath.isra.0
50 6 0 0 2 1 1 0 0 0
51 1 0 0 0 0 0 0 0 0
56 6 0 0 3 0 0 0 0 0
fn=init_tls
44 8 0 0 2 0 0 0 0 0
fl=./elf/../include/scratch_buffer.h
fn=_dl_map_object_deps
77 3 0 0 0 0 0 1 1 1
78 7 1 1 0 0 0 6 0 0
85 3 2 2 1 0 0 0 0 0
131 6 0 0 2 0 0 0 0 0
fl=./elf/../misc/sbrk.c
fn=__alloc_dir
37 1 1 1 0 0 0 4 0 0
fn=sbrk
37 1 0 0 0 0 0 0 0 0
40 3 0 0 2 1 1 0 0 0
58 1 0 0 0 0 0 0 0 0
62 2 1 1 0 0 0 0 0 0
78 2 0 0 4 0 0 0 0 0
fl=./elf/../nptl/nptl-stack.h
fn=__libc_early_init
61 6 1 1 2 1 0 0 0 0
fl=./elf/../sysdeps/arm/dl-irel.h
fn=_dl_start
33 3 0 0 1 0 0 1 0 0
fl=./elf/../sysdeps/arm/dl-machine.h
fn=_dl_fixup
212 14 0 0 0 0 0 14 0 0
fn=_dl_relocate_object_no_relro
69 28 1 1 4 0 0 0 0 0
76 12 0 0 4 1 0 0 0 0
80 4 0 0 2 2 1 0 0 0
81 0 0 0 0 0 0 0 0 0
82 2 0 0 0 0 0 2 0 0
92 4 0 0 0 0 0 0 0 0
106 8 1 1 4 2 1 2 0 0
297 117 0 0 0 0 0 0 0 0
300 234 0 0 0 0 0 0 0 0
303 234 0 0 0 0 0 0 0 0
312 1006 1 1 330 0 0 0 0 0
315 203 0 0 95 0 0 0 0 0
316 880 0 0 0 0 0 0 0 0
320 733 3 3 115 4 2 0 0 0
354 42 2 2 12 0 0 16 0 0
363 8 0 0 8 2 0 0 0 0
364 8 0 0 0 0 0 0 0 0
365 8 0 0 0 0 0 8 0 0
398 15 1 1 0 0 0 0 0 0
420 6 0 0 0 0 0 6 0 0
424 45 1 1 15 0 0 0 0 0
426 60 0 0 15 0 0 0 0 0
427 193 0 0 45 1 1 103 4 1
431 6 0 0 4 1 0 0 0 0
432 4 0 0 2 0 0 0 0 0
433 21 1 1 8 1 0 5 0 0
451 3288 0 0 1096 115 111 1096 0 0
461 42 1 1 42 2 2 0 0 0
462 21 0 0 0 0 0 0 0 0
464 42 0 0 0 0 0 0 0 0
466 63 0 0 21 0 0 0 0 0
467 63 0 0 21 0 0 21 0 0
fn=_dl_start
48 2 0 0 1 0 0 0 0 0
254 4 0 0 1 0 0 2 0 0
297 2 0 0 0 0 0 0 0 0
312 33 1 1 11 2 2 1 0 0
316 16 0 0 0 0 0 0 0 0
320 8 0 0 2 1 0 0 0 0
344 8 1 1 2 0 0 0 0 0
348 2 0 0 0 0 0 2 0 0
451 54 0 0 18 3 3 18 0 0
fn=_dl_sysdep_start
201 4 0 0 2 1 1 0 0 0
fl=./elf/../sysdeps/arm/dl-trampoline.S
fn=_dl_runtime_resolve
40 14 2 1 0 0 0 70 0 0
48 14 0 0 14 0 0 0 0 0
52 14 0 0 0 0 0 0 0 0
53 14 0 0 0 0 0 0 0 0
54 14 0 0 0 0 0 0 0 0
57 14 0 0 0 0 0 0 0 0
60 14 0 0 0 0 0 0 0 0
64 14 0 0 84 0 0 0 0 0
68 14 0 0 0 0 0 0 0 0
fl=./elf/../sysdeps/generic/dl-cache.h
fn=_dl_load_cache_lookup
194 1 0 0 1 0 0 0 0 0
195 4 0 0 0 0 0 0 0 0
fn=search_cache
125 2 0 0 2 0 0 1 0 0
fl=./elf/../sysdeps/generic/dl-call_tls_init_tp.h
fn=init_tls
31 5 0 0 0 0 0 0 0 0
33 1 0 0 0 0 0 0 0 0
fl=./elf/../sysdeps/generic/dl-debug.h
fn=dl_main
29 2 0 0 1 0 0 0 0 0
30 2 0 0 1 0 0 1 0 0
fl=./elf/../sysdeps/generic/dl-hash.h
fn=__rtld_malloc_init_real
43 2 0 0 0 0 0 0 0 0
44 1 0 0 0 0 0 0 0 0
45 13 0 0 4 0 0 0 0 0
48 4 0 0 0 0 0 0 0 0
62 12 1 1 0 0 0 0 0 0
67 1 0 0 0 0 0 0 0 0
fl=./elf/../sysdeps/generic/dl-new-hash.h
fn=_dl_lookup_symbol_x
70 114 0 0 0 0 0 0 0 0
74 868 0 0 868 104 97 0 0 0
77 1850 0 0 0 0 0 0 0 0
80 805 0 0 805 7 7 0 0 0
81 1610 0 0 0 0 0 0 0 0
87 51 3 2 0 0 0 0 0 0
89 51 0 0 0 0 0 0 0 0
90 51 0 0 0 0 0 0 0 0
101 114 0 0 0 0 0 0 0 0
102 2262 0 0 0 0 0 0 0 0
104 754 0 0 0 0 0 0 0 0
fl=./elf/../sysdeps/generic/dl-protected.h
fn=do_lookup_x
29 984 0 0 221 0 0 0 0 0
fl=./elf/../sysdeps/generic/ldsodefs.h
fn=_dl_audit_activity_map
1348 0 0 0 0 0 0 0 0 0
fn=_dl_check_map_versions
79 16 0 0 12 0 0 0 0 0
fn=_dl_fixup
79 14 0 0 14 1 1 0 0 0
fn=_dl_init_paths
79 0 0 0 0 0 0 0 0 0
fn=_dl_map_object
79 2 0 0 2 0 0 0 0 0
fn=_dl_map_object_deps
79 2 2 1 2 0 0 0 0 0
fn=_dl_map_object_from_fd
79 3 0 0 3 0 0 0 0 0
fn=_dl_new_object
1348 66 1 1 1 0 0 0 0 0
fn=_dl_relocate_object_no_relro
79 118 1 1 110 0 0 0 0 0
140 306 0 0 102 0 0 0 0 0
fn=_dl_setup_hash
79 4 0 0 4 0 0 0 0 0
fn=_dl_start
79 7 0 0 4 0 0 0 0 0
fn=check_match
79 3 0 0 3 0 0 0 0 0
fn=dl_main
79 3 0 0 3 0 0 0 0 0
fn=do_lookup_x
79 374 0 0 374 0 0 0 0 0
139 214 2 2 107 0 0 0 0 0
140 107 0 0 0 0 0 0 0 0
fl=./elf/../sysdeps/nptl/dl-mutex.c
fn=__rtld_mutex_init
30 1 0 0 0 0 0 0 0 0
37 3 1 1 2 1 1 0 0 0
40 11 0 0 2 0 0 1 0 0
44 2 0 0 0 0 0 0 0 0
45 16 0 0 4 1 1 1 0 0
47 11 1 1 2 0 0 1 0 0
51 1 0 0 0 0 0 0 0 0
52 13 1 0 4 0 0 1 0 0
53 2 0 0 3 0 0 0 0 0
fn=strsep
30 1 1 0 0 0 0 3 0 0
fl=./elf/../sysdeps/nptl/dl-tls_init_tp.c
fn=__tls_init_tp
69 2 0 0 0 0 0 4 0 0
70 1 0 0 0 0 0 0 0 0
73 2 0 0 0 0 0 0 0 0
76 3 1 1 0 0 0 0 0 0
77 2 0 0 0 0 0 1 0 0
78 2 0 0 0 0 0 1 0 0
83 4 0 0 2 0 0 1 0 0
90 2 0 0 0 0 0 2 0 0
91 2 0 0 0 0 0 1 0 0
94 4 1 1 0 0 0 0 0 0
110 5 0 0 1 0 0 0 0 0
112 4 0 0 1 0 0 1 0 0
118 4 0 0 2 0 0 1 0 0
119 2 0 0 4 0 0 0 0 0
fn=__tls_pre_init_tp
54 1 0 0 0 0 0 1 0 0
57 3 1 0 0 0 0 2 0 0
58 3 0 0 0 0 0 2 0 0
59 2 0 0 0 0 0 2 1 1
62 6 0 0 2 0 0 1 0 0
63 4 0 0 1 0 0 1 0 0
65 2 0 0 1 0 0 0 0 0
fn=_dl_init_static_tls
45 8 2 0 0 0 0 0 0 0
fn=rtld_mutex_dummy
45 8 0 0 0 0 0 0 0 0
54 1 1 1 1 1 1 0 0 0
fl=./elf/../sysdeps/nptl/pthread_early_init.h
fn=__libc_early_init
33 4 0 0 0 0 0 0 0 0
34 3 0 0 1 0 0 0 0 0
38 4 0 0 0 0 0 0 0 0
45 3 0 0 3 1 0 0 0 0
46 2 0 0 0 0 0 0 0 0
52 8 0 0 0 0 0 1 0 0
53 3 0 0 1 0 0 1 0 0
54 1 0 0 0 0 0 1 1 1
56 1 0 0 0 0 0 0 0 0
fl=./elf/../sysdeps/posix/dl-fileid.h
fn=_dl_map_object_from_fd
37 10 2 2 2 0 0 0 0 0
40 8 0 0 4 0 0 4 0 0
41 8 0 0 4 0 0 4 0 0
49 30 0 0 12 1 1 0 0 0
fl=./elf/../sysdeps/unix/sysv/linux/arm/libc-do-syscall.S
fn=???
40 28 0 0 0 0 0 56 4 4
fn=__libc_do_syscall
45 28 0 0 0 0 0 0 0 0
46 28 0 0 0 0 0 0 0 0
47 28 0 0 56 0 0 0 0 0
fl=./elf/../sysdeps/unix/sysv/linux/brk.c
fn=brk
36 2 0 0 0 0 0 1 0 0
37 3 0 0 1 1 1 1 1 1
38 2 1 0 0 0 0 0 0 0
44 2 0 0 0 0 0 0 0 0
45 1 0 0 1 0 0 0 0 0
fl=./elf/../sysdeps/unix/sysv/linux/brk_call.h
fn=__libc_do_syscall
24 1 1 1 0 0 0 0 0 0
fn=brk
24 1 0 0 0 0 0 0 0 0
fl=./elf/../sysdeps/unix/sysv/linux/dl-extra_tls.h
fn=_dl_determine_tlsoffset
32 6 0 0 1 0 0 0 0 0
33 1 0 0 0 0 0 0 0 0
37 14 1 1 4 1 0 0 0 0
44 1 0 0 0 0 0 0 0 0
51 5 0 0 1 0 0 0 0 0
52 1 0 0 0 0 0 0 0 0
54 3 1 1 2 0 0 0 0 0
61 0 0 0 0 0 0 0 0 0
68 3 0 0 1 0 0 1 0 0
fl=./elf/../sysdeps/unix/sysv/linux/dl-osinfo.h
fn=dl_main
37 1 0 0 1 1 0 0 0 0
39 1 0 0 0 0 0 0 0 0
52 1 0 0 1 0 0 0 0 0
fl=./elf/../sysdeps/unix/sysv/linux/dl-parse_auxv.h
fn=_dl_sysdep_start
33 3 0 0 1 0 0 1 0 0
34 2 0 0 0 0 0 1 0 0
40 2 0 0 0 0 0 1 0 0
42 67 1 1 22 0 0 0 0 0
43 21 0 0 0 0 0 0 0 0
44 105 0 0 21 3 3 21 0 0
46 4 0 0 2 0 0 1 0 0
47 4 0 0 2 0 0 1 0 0
48 4 0 0 2 0 0 2 2 2
49 5 0 0 2 0 0 3 0 0
50 5 0 0 2 0 0 3 0 0
51 5 0 0 2 0 0 3 0 0
52 5 0 0 2 0 0 3 0 0
53 4 0 0 2 0 0 2 0 0
54 4 1 1 2 0 0 2 0 0
55 4 0 0 2 0 0 2 0 0
56 4 1 1 2 0 0 2 0 0
57 2 0 0 1 0 0 1 0 0
65 8 0 0 2 0 0 1 0 0
67 8 0 0 2 0 0 1 1 1
fl=./elf/../sysdeps/unix/sysv/linux/dl-sysdep.c
fn=_dl_mcount
104 1 1 1 1 1 1 0 0 0
fn=_dl_sysdep_start
80 5 0 0 2 0 0 1 0 0
81 3 0 0 1 0 0 1 0 0
82 5 0 0 1 1 1 1 1 1
83 1 0 0 0 0 0 0 0 0
84 53 0 0 18 1 1 0 0 0
87 4 1 1 1 0 0 1 1 1
91 4 0 0 0 0 0 0 0 0
94 1 0 0 1 0 0 0 0 0
95 2 0 0 1 0 0 2 0 0
96 2 0 0 1 0 0 1 0 0
103 3 0 0 0 0 0 9 1 1
104 2 0 0 0 0 0 1 0 0
111 2 0 0 0 0 0 0 0 0
114 1 0 0 0 0 0 0 0 0
116 2 0 0 0 0 0 0 0 0
124 2 1 1 0 0 0 1 0 0
126 6 0 0 1 0 0 0 0 0
138 4 0 0 2 0 0 0 0 0
141 6 0 0 4 0 0 0 0 0
143 1 1 0 1 1 0 0 0 0
144 2 0 0 9 2 0 0 0 0
149 1 1 0 0 0 0 0 0 0
fl=./elf/../sysdeps/unix/sysv/linux/dl-vdso-setup.h
fn=dl_main
30 5 1 1 1 1 1 3 0 0
33 3 1 1 1 1 1 1 0 0
fl=./elf/../sysdeps/unix/sysv/linux/dl-vdso.h
fn=dl_main
40 3 1 1 2 1 1 0 0 0
41 2 0 0 0 0 0 0 0 0
55 2 0 0 0 0 0 0 0 0
fl=./elf/../sysdeps/unix/sysv/linux/rseq-internal.h
fn=__tls_init_tp
93 4 0 0 2 0 0 0 0 0
100 1 0 0 0 0 0 0 0 0
102 2 0 0 1 1 1 0 0 0
108 4 1 0 1 0 0 0 0 0
112 4 0 0 0 0 0 0 0 0
116 2 0 0 0 0 0 1 0 0
118 6 0 0 0 0 0 0 0 0
119 2 0 0 0 0 0 0 0 0
124 6 0 0 2 0 0 1 0 0
fl=./elf/./dl-find_object.h
fn=_dl_find_object_from_map
94 6 0 0 0 0 0 6 0 0
95 6 0 0 0 0 0 6 0 0
96 12 0 0 6 0 0 6 0 0
97 6 0 0 0 0 0 6 0 0
103 18 0 0 6 0 0 6 0 0
105 18 1 1 12 3 0 0 0 0
106 30 0 0 0 0 0 0 0 0
107 51 0 0 11 9 0 0 0 0
109 20 0 0 10 0 0 5 0 0
112 15 0 0 5 3 0 5 0 0
118 2 0 0 0 0 0 1 0 0
120 1 0 0 0 0 0 1 0 0
122 6 0 0 6 0 0 0 0 0
fn=_dl_handle_execstack_tunable
95 6 1 1 6 0 0 0 0 0
fl=./elf/./dl-hwcaps.h
fn=_dl_important_hwcaps
43 9 0 0 3 1 1 3 0 0
45 4 0 0 0 0 0 4 0 0
46 2 0 0 0 0 0 0 0 0
77 4 0 0 0 0 0 3 0 0
78 6 0 0 2 0 0 4 0 0
79 3 0 0 0 0 0 0 0 0
fn=copy_hwcaps
45 4 0 0 0 0 0 4 0 0
77 2 0 0 0 0 0 2 0 0
78 2 0 0 0 0 0 2 0 0
79 2 0 0 0 0 0 0 0 0
fl=./elf/./dl-load.h
fn=_dl_map_object_from_fd
91 12 0 0 4 0 0 0 0 0
92 5 1 1 3 0 0 0 0 0
93 5 0 0 2 0 0 0 0 0
94 2 0 0 1 0 0 0 0 0
96 4 0 0 0 0 0 1 0 0
97 1 0 0 0 0 0 0 0 0
fl=./elf/./dl-main.h
fn=dl_main
109 3 0 0 4 0 0 0 0 0
fl=./elf/./dl-map-segments.h
fn=_dl_map_object_from_fd
28 8 2 1 2 0 0 2 0 0
36 12 2 2 2 0 0 0 0 0
37 16 0 0 0 0 0 4 0 0
41 4 0 0 0 0 0 0 0 0
44 8 0 0 2 0 0 0 0 0
45 20 1 1 6 0 0 4 0 0
49 4 0 0 0 0 0 0 0 0
55 4 0 0 0 0 0 0 0 0
56 8 0 0 2 0 0 0 0 0
58 16 0 0 4 1 1 0 0 0
59 2 0 0 0 0 0 0 0 0
60 4 0 0 0 0 0 0 0 0
61 4 0 0 2 0 0 0 0 0
81 2 0 0 0 0 0 0 0 0
101 4 0 0 0 0 0 2 0 0
102 4 1 1 0 0 0 2 0 0
105 4 0 0 0 0 0 2 0 0
106 4 0 0 0 0 0 2 0 0
108 4 0 0 2 0 0 0 0 0
115 12 2 1 4 0 0 0 0 0
117 2 2 1 0 0 0 2 0 0
118 12 0 0 0 0 0 0 0 0
125 6 0 0 2 0 0 2 0 0
135 16 0 0 0 0 0 0 0 0
137 6 0 0 4 0 0 0 0 0
139 24 0 0 8 0 0 4 0 0
149 12 0 0 8 0 0 0 0 0
155 4 2 1 2 0 0 0 0 0
156 4 0 0 0 0 0 2 0 0
157 12 0 0 4 0 0 0 0 0
158 2 0 0 0 0 0 0 0 0
160 10 0 0 2 0 0 2 0 0
165 4 0 0 0 0 0 0 0 0
168 10 0 0 2 0 0 4 0 0
176 10 0 0 2 0 0 0 0 0
182 6 0 0 2 0 0 0 0 0
186 10 2 2 2 0 0 2 0 0
189 2 0 0 0 0 0 0 0 0
194 4 1 1 0 0 0 0 0 0
fl=./elf/./dl-sym-post.h
fn=lookup_malloc_symbol
41 8 1 1 0 0 0 0 0 0
53 16 0 0 8 1 0 0 0 0
fl=./elf/./dl-tls_block_align.h
fn=_dl_allocate_tls_storage
23 3 1 1 2 1 1 0 0 0
41 1 0 0 1 0 0 0 0 0
59 5 0 0 0 0 0 0 0 0
66 4 1 1 0 0 0 0 0 0
fl=./elf/./get-dynamic-info.h
fn=_dl_start
45 47 0 0 16 3 3 0 0 0
49 30 0 0 0 0 0 0 0 0
54 19 0 0 0 0 0 0 0 0
55 14 0 0 0 0 0 0 0 0
56 3 0 0 0 0 0 0 0 0
57 2 0 0 0 0 0 0 0 0
59 5 0 0 0 0 0 0 0 0
62 5 1 1 0 0 0 0 0 0
64 4 0 0 0 0 0 0 0 0
68 32 1 1 1 0 0 15 5 5
72 2 0 0 0 0 0 0 0 0
84 2 1 1 1 0 0 0 0 0
85 4 0 0 2 0 0 0 0 0
86 7 0 0 3 0 0 1 0 0
87 7 0 0 3 0 0 1 0 0
88 4 1 1 2 0 0 0 0 0
89 4 0 0 2 0 0 0 0 0
90 7 0 0 3 0 0 1 0 0
91 7 0 0 3 0 0 1 0 0
106 11 2 2 3 0 0 1 0 0
110 3 0 0 1 0 0 0 0 0
127 6 0 0 3 0 0 0 0 0
129 2 1 1 1 0 0 0 0 0
130 0 0 0 0 0 0 0 0 0
133 5 0 0 2 0 0 0 0 0
134 3 0 0 1 0 0 0 0 0
139 5 0 0 2 0 0 0 0 0
142 7 1 1 3 1 1 0 0 0
fn=dl_main
39 3 0 0 1 0 0 0 0 0
43 1 0 0 0 0 0 0 0 0
45 77 0 0 26 4 4 0 0 0
49 50 0 0 0 0 0 0 0 0
54 19 1 1 0 0 0 0 0 0
55 14 0 0 0 0 0 0 0 0
56 3 0 0 0 0 0 0 0 0
57 2 0 0 0 0 0 0 0 0
59 5 0 0 0 0 0 0 0 0
62 5 0 0 0 0 0 0 0 0
64 3 0 0 0 0 0 0 0 0
68 25 1 1 0 0 0 25 4 4
72 5 0 0 1 0 0 0 0 0
84 2 0 0 1 0 0 0 0 0
85 5 0 0 2 0 0 1 0 0
86 5 0 0 2 0 0 1 0 0
87 5 1 1 2 0 0 1 0 0
88 2 0 0 1 0 0 0 0 0
89 5 0 0 2 0 0 1 0 0
90 5 0 0 2 0 0 1 0 0
91 5 0 0 2 0 0 1 0 0
106 7 1 1 2 0 0 1 0 0
110 2 0 0 1 0 0 0 0 0
113 3 0 0 1 0 0 0 0 0
126 2 0 0 1 0 0 0 0 0
127 4 0 0 2 0 0 0 0 0
129 2 0 0 1 0 0 0 0 0
130 0 0 0 0 0 0 0 0 0
147 2 0 0 1 0 0 0 0 0
152 0 0 0 0 0 0 0 0 0
154 0 0 0 0 0 0 0 0 0
155 0 0 0 0 0 0 0 0 0
156 0 0 0 0 0 0 0 0 0
157 0 0 0 0 0 0 0 0 0
158 0 0 0 0 0 0 0 0 0
159 0 0 0 0 0 0 0 0 0
162 2 1 1 1 0 0 0 0 0
164 2 0 0 1 0 0 1 0 0
165 1 0 0 0 0 0 0 0 0
166 3 0 0 0 0 0 0 0 0
174 5 0 0 2 0 0 0 0 0
180 1 0 0 0 0 0 0 0 0
181 3 1 1 0 0 0 0 0 0
184 2 0 0 1 0 0 0 0 0
186 0 0 0 0 0 0 0 0 0
fl=./elf/./setup-vdso.h
fn=dl_main
24 5 0 0 2 0 0 0 0 0
fl=./elf/dl-audit.c
fn=???
29 1 1 1 0 0 0 10 0 0
fn=_dl_audit_activity_map
30 3 0 0 3 1 1 0 0 0
31 1 0 0 0 0 0 0 0 0
33 0 0 0 0 0 0 0 0 0
34 0 0 0 0 0 0 0 0 0
37 1 1 0 10 0 0 0 0 0
45 3 2 1 0 0 0 0 0 0
fn=_dl_audit_activity_nsid
45 12 0 0 6 2 2 0 0 0
46 9 0 0 6 1 1 0 0 0
47 12 0 0 0 0 0 0 0 0
51 3 0 0 0 0 0 0 0 0
fn=_dl_audit_objclose
98 16 0 0 8 1 1 0 0 0
114 4 0 0 32 0 0 0 0 0
118 1 1 1 0 0 0 8 0 0
fn=_dl_audit_objopen
77 2 0 0 0 0 0 0 0 0
78 8 0 0 4 1 1 0 0 0
93 4 0 0 18 0 0 0 0 0
97 4 1 1 0 0 0 32 0 0
fn=_dl_audit_objsearch
77 2 2 1 0 0 0 18 0 0
fn=_dl_audit_preinit
119 4 0 0 2 1 1 0 0 0
129 1 0 0 8 0 0 0 0 0
fl=./elf/dl-cache.c
fn=???
199 1 1 1 0 0 0 9 0 0
342 7 1 1 7 0 0 0 0 0
fn=_dl_cache_libcmp
341 7 0 0 0 0 0 28 0 0
342 72 0 0 29 0 0 0 0 0
344 140 1 1 0 0 0 0 0 0
346 107 0 0 35 7 7 0 0 0
352 2 0 0 0 0 0 0 0 0
353 2 0 0 0 0 0 0 0 0
354 4 0 0 1 0 0 0 0 0
356 4 0 0 1 0 0 0 0 0
357 14 0 0 0 0 0 0 0 0
358 2 0 0 0 0 0 0 0 0
364 68 0 0 0 0 0 0 0 0
366 68 0 0 0 0 0 0 0 0
367 6 0 0 0 0 0 0 0 0
370 28 0 0 0 0 0 0 0 0
371 28 0 0 0 0 0 0 0 0
374 2 0 0 1 0 0 0 0 0
375 7 0 0 28 0 0 0 0 0
fn=_dl_load_cache_lookup
387 4 0 0 0 0 0 7 0 0
389 4 0 0 1 0 0 0 0 0
392 5 0 0 2 2 1 0 0 0
395 6 1 1 1 0 0 0 0 0
403 5 1 1 1 0 0 0 0 0
404 6 0 0 1 0 0 0 0 0
407 8 2 1 1 0 0 0 0 0
415 2 0 0 1 1 1 0 0 0
416 2 0 0 0 0 0 2 0 0
466 5 0 0 2 0 0 0 0 0
469 7 1 1 2 0 0 2 0 0
484 5 0 0 2 0 0 0 0 0
488 2 0 0 0 0 0 0 0 0
496 2 0 0 0 0 0 0 0 0
497 4 0 0 0 0 0 0 0 0
498 4 0 0 0 0 0 0 0 0
499 1 0 0 0 0 0 0 0 0
500 3 0 0 7 0 0 0 0 0
509 1 1 0 0 0 0 2 0 0
fn=_dl_unload_cache
510 6 0 0 2 2 0 0 0 0
512 2 0 0 1 0 0 0 0 0
513 3 0 0 0 0 0 1 0 0
517 4 0 0 1 0 0 1 0 0
519 1 0 0 2 0 0 0 0 0
fn=search_cache
187 5 0 0 0 0 0 0 0 0
199 3 1 1 1 0 0 1 0 0
200 3 0 0 0 0 0 0 0 0
207 12 0 0 0 0 0 0 0 0
209 22 0 0 2 0 0 2 0 0
210 10 0 0 5 5 5 0 0 0
214 10 0 0 0 0 0 0 0 0
218 15 1 1 5 0 0 0 0 0
219 11 0 0 0 0 0 0 0 0
227 2 0 0 0 0 0 0 0 0
229 2 0 0 1 0 0 0 0 0
232 2 0 0 0 0 0 0 0 0
234 5 0 0 0 0 0 0 0 0
236 4 1 1 1 0 0 1 0 0
246 4 0 0 0 0 0 0 0 0
250 3 0 0 1 0 0 0 0 0
251 5 0 0 0 0 0 0 0 0
255 1 1 1 1 0 0 0 0 0
256 9 0 0 3 0 0 1 0 0
257 3 0 0 1 0 0 0 0 0
264 2 0 0 0 0 0 0 0 0
282 10 1 1 1 0 0 0 0 0
287 7 0 0 1 0 0 0 0 0
314 2 0 0 0 0 0 1 0 0
316 2 0 0 0 0 0 0 0 0
326 4 0 0 0 0 0 0 0 0
331 8 0 0 0 0 0 0 0 0
333 4 0 0 0 0 0 0 0 0
337 3 1 1 10 0 0 0 0 0
389 1 1 1 1 1 1 0 0 0
fl=./elf/dl-call-libc-early-init.c
fn=???
29 1 1 1 0 0 0 0 0 0
fn=_dl_call_libc_early_init
27 3 0 0 0 0 0 3 0 0
33 11 0 0 2 1 1 1 0 0
37 1 0 0 0 0 0 0 0 0
39 9 0 0 3 0 0 0 0 0
40 2 0 0 0 0 0 0 0 0
41 2 1 0 3 0 0 0 0 0
fl=./elf/dl-call_fini.c
fn=_dl_call_fini
24 8 0 0 0 0 0 16 0 0
28 16 0 0 4 1 1 0 0 0
32 12 0 0 4 0 0 4 0 0
34 4 1 1 4 4 4 0 0 0
35 4 0 0 0 0 0 0 0 0
38 6 0 0 4 1 1 0 0 0
39 6 0 0 4 1 1 0 0 0
42 12 0 0 0 0 0 0 0 0
43 4 0 0 2 1 1 0 0 0
47 4 0 0 4 1 1 0 0 0
48 4 0 0 0 0 0 0 0 0
49 8 1 0 4 0 0 0 0 0
50 4 0 0 16 0 0 0 0 0
fn=_dl_call_libc_early_init
28 4 1 1 4 1 1 0 0 0
fl=./elf/dl-catch.c
fn=_dl_catch_error
258 4 0 0 0 0 0 0 0 0
260 4 0 0 1 0 0 0 0 0
261 2 0 0 1 0 0 1 0 0
262 1 0 0 0 0 0 1 0 0
263 5 0 0 2 0 0 1 0 0
265 2 1 1 4 0 0 0 0 0
fn=_dl_catch_exception
58 12 0 0 6 1 1 0 0 0
59 12 1 1 6 1 0 3 0 0
62 0 0 0 0 0 0 0 0 0
69 12 0 0 6 0 0 0 0 0
70 18 0 0 6 0 0 6 0 0
73 0 0 0 0 0 0 0 0 0
208 6 0 0 0 0 0 6 2 2
211 9 0 0 0 0 0 3 0 0
218 3 0 0 0 0 0 0 0 0
232 9 0 0 3 0 0 3 0 0
233 6 0 0 0 0 0 3 0 0
239 15 1 1 0 0 0 0 0 0
241 6 0 0 6 0 0 0 0 0
243 12 0 0 3 0 0 9 0 0
252 6 0 0 6 0 0 0 0 0
258 1 1 1 0 0 0 4 0 0
fn=_dl_receive_error
58 4 0 0 2 1 0 0 0 0
59 1 0 0 1 0 0 0 0 0
69 4 0 0 2 0 0 0 0 0
70 2 0 0 0 0 0 2 0 0
190 2 0 0 0 0 0 0 0 0
192 3 0 0 2 0 0 0 0 0
196 3 0 0 1 0 0 1 0 0
198 1 0 0 0 0 0 0 0 0
201 3 0 0 1 0 0 1 0 0
202 1 0 0 6 0 0 0 0 0
208 3 2 1 0 0 0 6 0 0
fn=_dl_signal_cerror
190 1 1 1 0 0 0 6 0 0
fl=./elf/dl-debug.c
fn=_dl_close
46 1 1 1 0 0 0 2 0 0
fn=_dl_debug_change_state
105 2 0 0 0 0 0 2 0 0
107 18 1 0 6 3 0 0 0 0
111 2 0 0 0 0 0 0 0 0
120 1 1 1 1 1 1 0 0 0
fn=_dl_debug_initialize
76 1 0 0 0 0 0 0 0 0
120 5 0 0 1 0 0 4 0 0
122 4 0 0 2 0 0 0 0 0
127 2 0 0 0 0 0 1 0 0
128 5 0 0 2 0 0 1 0 0
154 2 0 0 0 0 0 1 1 1
157 5 1 1 2 0 0 0 0 0
159 2 1 1 1 1 1 0 0 0
160 3 1 0 1 0 0 1 0 0
162 5 0 0 2 1 1 0 0 0
169 1 0 0 4 0 0 0 0 0
fn=_dl_debug_post_relocate
46 2 0 0 0 0 0 0 0 0
51 2 1 1 0 0 0 1 0 0
52 7 0 0 2 1 0 4 0 0
54 4 0 0 2 0 0 0 0 0
56 11 0 0 3 0 0 0 0 0
57 4 1 0 1 0 0 0 0 0
70 2 0 0 2 0 0 0 0 0
94 3 2 1 3 2 0 0 0 0
fn=_dl_debug_update
76 6 0 0 0 0 0 0 0 0
77 6 0 0 3 0 0 0 0 0
79 0 0 0 0 0 0 0 0 0
94 3 0 0 0 0 0 0 0 0
96 9 3 0 3 1 0 0 0 0
100 3 0 0 0 0 0 0 0 0
105 2 1 1 0 0 0 0 0 0
fl=./elf/dl-debug_state.c
fn=_dl_debug_initialize
29 2 1 0 0 0 0 0 0 0
fl=./elf/dl-deps.c
fn=???
61 2 1 0 0 0 0 4 0 0
fn=_dl_map_object_deps
128 2 0 0 0 0 0 1 0 0
129 2 0 0 0 0 0 3 1 1
130 3 0 0 0 0 0 2 0 0
136 7 0 0 2 0 0 2 0 0
143 4 0 0 0 0 0 1 1 1
144 6 1 1 0 0 0 0 0 0
160 7 0 0 0 0 0 0 0 0
161 1 0 0 1 0 0 0 0 0
164 3 0 0 1 0 0 1 0 0
182 4 0 0 2 0 0 1 0 0
183 5 1 1 4 0 0 1 0 0
184 1 0 0 0 0 0 1 0 0
188 8 1 1 4 0 0 2 0 0
190 10 1 1 0 0 0 6 0 0
193 8 0 0 0 0 0 4 0 0
197 16 1 1 8 1 0 0 0 0
198 41 2 1 7 0 0 0 0 0
201 6 0 0 0 0 0 0 0 0
205 6 0 0 4 0 0 0 0 0
208 24 1 0 8 1 1 0 0 0
210 14 0 0 4 0 0 0 0 0
215 4 0 0 0 0 0 2 0 0
216 2 0 0 0 0 0 2 0 0
217 4 0 0 2 0 0 2 0 0
218 4 0 0 2 0 0 2 0 0
219 2 0 0 0 0 0 2 0 0
221 163 1 0 57 3 0 0 0 0
222 98 1 1 0 0 0 0 0 0
228 40 0 0 8 1 1 4 0 0
230 2 0 0 0 0 0 2 0 0
232 13 1 1 3 0 0 1 0 0
233 6 1 1 2 0 0 0 0 0
242 2 0 0 2 0 0 0 0 0
244 6 0 0 2 0 0 0 0 0
249 2 0 0 0 0 0 0 0 0
253 2 0 0 0 0 0 4 0 0
254 2 0 0 0 0 0 2 0 0
255 4 0 0 2 0 0 2 0 0
256 2 0 0 0 0 0 2 0 0
257 6 0 0 2 1 0 2 0 0
259 8 0 0 2 0 0 2 0 0
263 4 0 0 2 0 0 0 0 0
264 2 0 0 0 0 0 1 0 0
266 190 2 2 47 0 0 0 0 0
271 8 1 1 0 0 0 0 0 0
417 4 1 1 0 0 0 0 0 0
419 8 0 0 0 0 0 4 0 0
422 4 0 0 0 0 0 0 0 0
423 8 0 0 2 0 0 0 0 0
429 2 0 0 0 0 0 2 0 0
430 8 0 0 0 0 0 0 0 0
431 10 0 0 0 0 0 0 0 0
433 2 0 0 0 0 0 0 0 0
434 2 0 0 0 0 0 2 0 0
435 6 0 0 2 0 0 2 0 0
439 12 0 0 4 0 0 0 0 0
441 4 0 0 4 0 0 0 0 0
442 17 0 0 3 0 0 0 0 0
448 11 0 0 3 0 0 0 0 0
449 2 1 1 0 0 0 1 0 0
451 0 0 0 0 0 0 0 0 0
452 3 0 0 1 1 0 1 0 0
464 2 0 0 1 0 0 0 0 0
465 3 0 0 0 0 0 0 0 0
470 4 0 0 1 0 0 1 0 0
471 2 0 0 1 0 0 1 0 0
472 1 0 0 0 0 0 0 0 0
474 13 0 0 4 0 0 0 0 0
478 12 0 0 4 0 0 0 0 0
484 12 0 0 0 0 0 0 0 0
485 8 1 1 0 0 0 4 1 1
490 12 0 0 4 0 0 4 0 0
494 6 1 1 0 0 0 0 0 0
495 3 0 0 1 0 0 0 0 0
532 2 1 1 0 0 0 0 0 0
533 2 1 1 0 0 0 0 0 0
536 1 0 0 1 0 0 0 0 0
547 5 0 0 0 0 0 0 0 0
552 8 0 0 1 0 0 0 0 0
553 6 1 1 3 1 1 0 0 0
557 2 0 0 0 0 0 1 0 0
558 1 0 0 0 0 0 0 0 0
559 1 0 0 0 0 0 1 0 0
560 3 0 0 1 0 0 1 0 0
561 2 1 1 0 0 0 0 0 0
568 2 0 0 1 0 0 0 0 0
569 0 0 0 0 0 0 0 0 0
571 3 0 0 1 0 0 0 0 0
574 3 0 0 9 1 0 0 0 0
fn=openaux
61 4 0 0 0 0 0 0 0 0
64 26 0 0 10 0 0 6 1 0
65 2 0 0 2 0 0 0 0 0
69 4 0 0 4 0 0 0 0 0
143 1 1 1 0 0 0 9 0 0
fl=./elf/dl-environ.c
fn=_dl_diagnostics_kernel
29 3 1 1 3 0 0 0 0 0
fn=_dl_next_ld_env_entry
28 3 0 0 0 0 0 0 0 0
32 37 0 0 18 0 0 0 0 0
34 51 0 0 17 0 0 0 0 0
35 21 0 0 7 0 0 0 0 0
37 2 0 0 0 0 0 0 0 0
40 4 0 0 0 0 0 2 0 0
42 2 0 0 0 0 0 0 0 0
49 1 0 0 0 0 0 0 0 0
fl=./elf/dl-execstack-tunable.c
fn=_dl_handle_execstack_tunable
24 1 0 0 0 0 0 0 0 0
25 8 0 0 1 0 0 0 0 0
39 2 0 0 1 0 0 0 0 0
fn=_dl_make_stack_executable
24 1 1 1 0 0 0 1 0 0
fl=./elf/dl-find_object.c
fn=???
475 4 1 1 0 0 0 36 0 0
fn=_dl_find_object
554 1 1 1 0 0 0 0 0 0
fn=_dl_find_object_init
578 1 0 0 0 0 0 6 0 0
581 2 0 0 1 1 0 0 0 0
583 3 1 1 1 0 0 0 0 0
590 4 0 0 1 0 0 2 0 0
596 2 0 0 0 0 0 0 0 0
597 5 0 0 2 0 0 1 0 0
599 1 0 0 0 0 0 0 0 0
602 2 0 0 0 0 0 0 0 0
607 1 0 0 0 0 0 1 0 0
608 1 0 0 0 0 0 0 0 0
611 2 0 0 1 0 0 0 0 0
613 2 1 1 0 0 0 0 0 0
616 5 0 0 3 0 0 1 0 0
618 1 0 0 0 0 0 0 0 0
621 1 1 1 6 0 0 0 0 0
fn=_dlfo_process_initial
506 6 0 0 4 1 1 0 0 0
508 4 0 0 0 0 0 0 0 0
509 6 0 0 2 0 0 0 0 0
511 8 1 0 0 0 0 0 0 0
514 28 0 0 8 2 1 0 0 0
515 12 0 0 2 0 0 0 0 0
516 8 0 0 8 0 0 0 0 0
518 34 1 1 6 2 0 0 0 0
521 24 0 0 6 0 0 0 0 0
524 52 1 1 8 0 0 0 0 0
526 10 0 0 0 0 0 0 0 0
529 12 0 0 6 0 0 0 0 0
531 6 0 0 0 0 0 0 0 0
532 2 0 0 0 0 0 0 0 0
533 8 0 0 0 0 0 0 0 0
546 6 0 0 2 0 0 2 0 0
548 4 0 0 20 0 0 0 0 0
fn=_dlfo_process_initial_noncontiguous_map
475 12 0 0 0 0 0 0 0 0
477 12 0 0 0 0 0 0 0 0
481 4 0 0 4 0 0 0 0 0
482 12 0 0 4 0 0 0 0 0
483 114 0 0 0 0 0 0 0 0
484 102 0 0 34 6 0 0 0 0
486 38 1 1 12 1 0 0 0 0
489 44 0 0 20 0 0 24 3 3
490 8 0 0 4 0 0 0 0 0
491 4 0 0 0 0 0 4 0 0
492 12 0 0 4 0 0 4 0 0
494 8 1 1 0 0 0 0 0 0
497 12 0 0 36 0 0 0 0 0
505 2 1 1 0 0 0 20 0 0
fn=_dlfo_sort_mappings
553 3 0 0 0 0 0 9 0 0
554 1 0 0 0 0 0 0 0 0
557 38 0 0 10 0 0 8 0 0
561 20 1 1 5 0 0 0 0 0
562 70 0 0 5 0 0 0 0 0
563 15 0 0 15 0 0 0 0 0
565 75 0 0 0 0 0 0 0 0
570 45 0 0 30 0 0 30 0 0
571 40 0 0 25 0 0 25 0 0
572 25 0 0 25 0 0 25 0 0
574 2 0 0 9 0 0 0 0 0
581 1 1 1 1 1 1 0 0 0
fl=./elf/dl-fini.c
fn=_dl_find_object_freeres
26 1 1 1 0 0 0 9 0 0
fn=_dl_fini
26 3 0 0 0 0 0 0 0 0
43 1 0 0 0 0 0 0 0 0
46 14 0 0 4 1 1 2 0 0
49 8 1 1 3 1 1 0 0 0
51 1 1 1 1 1 1 0 0 0
54 1 0 0 0 0 0 0 0 0
56 5 0 0 2 1 1 0 0 0
59 3 0 0 1 1 1 0 0 0
61 1 0 0 0 0 0 1 0 0
63 4 1 1 0 0 0 1 0 0
68 7 0 0 1 0 0 1 0 0
72 1 0 0 0 0 0 0 0 0
74 18 1 1 5 0 0 0 0 0
76 12 0 0 4 4 4 0 0 0
78 8 0 0 0 0 0 0 0 0
80 4 0 0 0 0 0 4 0 0
81 4 0 0 0 0 0 4 4 4
82 4 0 0 0 0 0 0 0 0
86 12 0 0 4 3 3 4 0 0
91 8 0 0 0 0 0 0 0 0
93 9 1 1 0 0 0 0 0 0
94 4 0 0 0 0 0 0 0 0
100 4 0 0 1 0 0 0 0 0
109 7 0 0 3 0 0 0 0 0
114 24 1 1 1 0 0 3 0 0
116 4 0 0 4 0 0 0 0 0
118 12 0 0 4 0 0 0 0 0
120 8 0 0 0 0 0 0 0 0
123 14 1 1 3 0 0 0 0 0
128 12 0 0 4 0 0 4 0 0
131 2 0 0 0 0 0 0 0 0
135 5 0 0 1 0 0 0 0 0
141 7 1 0 2 0 0 0 0 0
143 2 0 0 0 0 0 0 0 0
147 5 0 0 2 0 0 0 0 0
154 3 0 0 9 0 0 0 0 0
fl=./elf/dl-hwcaps-subdirs.c
fn=_dl_hwcaps_subdirs_active
29 1 0 0 0 0 0 0 0 0
fn=_dl_important_hwcaps
29 1 1 1 0 0 0 0 0 0
fl=./elf/dl-hwcaps.c
fn=_dl_important_hwcaps
52 8 1 1 0 0 0 0 0 0
100 4 0 0 1 0 0 1 0 0
102 3 0 0 1 0 0 0 0 0
105 1 0 0 0 0 0 1 0 0
108 1 0 0 0 0 0 0 0 0
112 4 1 1 0 0 0 0 0 0
114 2 0 0 1 0 0 0 0 0
125 4 1 1 0 0 0 0 0 0
127 2 0 0 1 0 0 0 0 0
133 2 0 0 0 0 0 0 0 0
142 5 0 0 2 0 0 0 0 0
172 6 0 0 0 0 0 4 0 0
174 2 0 0 0 0 0 0 0 0
175 2 0 0 0 0 0 0 0 0
185 1 0 0 0 0 0 0 0 0
186 3 1 1 1 0 0 0 0 0
189 3 0 0 1 0 0 1 1 1
194 2 0 0 0 0 0 0 0 0
202 3 0 0 2 0 0 0 0 0
203 7 1 1 1 0 0 2 0 0
204 6 0 0 2 0 0 0 0 0
208 2 0 0 2 0 0 1 0 0
209 2 0 0 0 0 0 1 0 0
213 2 0 0 1 0 0 1 0 0
216 3 0 0 9 0 0 0 0 0
fn=copy_hwcaps
74 4 0 0 0 0 0 0 0 0
77 8 1 1 0 0 0 0 0 0
80 8 0 0 2 1 0 0 0 0
84 2 0 0 0 0 0 0 0 0
90 4 0 0 14 0 0 0 0 0
172 1 1 1 0 0 0 9 1 1
fn=unsetenv
74 2 1 1 0 0 0 14 0 0
fl=./elf/dl-hwcaps_split.c
fn=???
51 5 1 1 0 0 0 10 1 1
fn=_dl_hwcaps_split
26 12 0 0 6 0 0 0 0 0
27 6 1 1 0 0 0 0 0 0
30 12 0 0 3 0 0 3 0 0
34 9 0 0 3 0 0 0 0 0
36 3 0 0 0 0 0 0 0 0
41 0 0 0 0 0 0 0 0 0
47 6 0 0 24 0 0 0 0 0
fn=_dl_hwcaps_split_masked
51 5 0 0 0 0 0 0 0 0
54 15 0 0 0 0 0 0 0 0
56 0 0 0 0 0 0 0 0 0
57 0 0 0 0 0 0 0 0 0
58 0 0 0 0 0 0 0 0 0
62 5 0 0 10 0 0 0 0 0
fn=_dl_hwcaps_subdirs_active
25 6 0 0 0 0 0 24 1 1
fl=./elf/dl-init.c
fn=_dl_fini
27 5 1 1 0 0 0 30 0 0
fn=_dl_init
81 4 1 1 0 0 0 0 0 0
83 1 0 0 2 1 0 0 0 0
86 4 0 0 2 1 1 0 0 0
88 1 0 0 0 0 0 0 0 0
89 3 1 1 0 0 0 1 0 0
94 4 0 0 0 0 0 0 0 0
119 1 0 0 1 0 0 0 0 0
120 10 0 0 0 0 0 0 0 0
121 24 0 0 8 1 0 0 0 0
127 1 0 0 8 0 0 0 0 0
fn=call_init
27 5 0 0 0 0 0 0 0 0
29 15 0 0 5 0 0 0 0 0
35 30 0 0 5 0 0 0 0 0
37 10 0 0 0 0 0 0 0 0
43 12 0 0 4 0 0 4 0 0
46 12 1 1 8 4 0 0 0 0
47 3 0 0 1 0 0 0 0 0
51 15 0 0 6 1 0 0 0 0
59 6 0 0 3 1 0 0 0 0
60 7 0 0 2 1 0 0 0 0
63 3 0 0 3 3 0 0 0 0
64 6 0 0 0 0 0 0 0 0
70 4 0 0 4 0 0 0 0 0
72 6 0 0 4 1 0 0 0 0
73 14 0 0 0 0 0 0 0 0
74 20 1 1 4 1 0 0 0 0
76 5 0 0 30 0 0 0 0 0
81 1 1 1 0 0 0 8 0 0
fl=./elf/dl-load.c
fn=_dl_dst_count
231 8 0 0 0 0 0 0 0 0
234 4 0 0 0 0 0 0 0 0
235 4 0 0 0 0 0 0 0 0
254 8 0 0 24 0 0 0 0 0
fn=_dl_dst_substitute
375 2 1 1 0 0 0 12 0 0
fn=_dl_init_paths
680 6 0 0 0 0 0 2 0 0
694 8 0 0 1 1 1 1 0 0
699 1 0 0 0 0 0 1 0 0
701 2 1 1 0 0 0 0 0 0
708 4 0 0 0 0 0 0 0 0
709 4 0 0 1 0 0 0 0 0
713 2 0 0 0 0 0 1 0 0
715 4 0 0 2 0 0 0 0 0
721 2 0 0 0 0 0 1 0 0
722 3 0 0 1 0 0 1 0 0
730 4 0 0 0 0 0 4 0 0
732 8 0 0 5 0 0 1 0 0
733 4 0 0 0 0 0 8 0 0
735 7 0 0 1 0 0 4 1 1
736 8 0 0 3 1 1 4 2 2
737 7 0 0 0 0 0 0 0 0
740 18 1 1 3 1 1 0 0 0
741 5 1 1 1 0 0 0 0 0
742 21 1 1 4 0 0 1 0 0
744 23 0 0 3 0 0 5 0 0
750 4 0 0 1 0 0 1 0 0
751 1 0 0 0 0 0 1 0 0
756 3 0 0 2 0 0 0 0 0
758 2 0 0 0 0 0 0 0 0
761 4 0 0 1 0 0 0 0 0
763 3 0 0 1 0 0 0 0 0
780 2 1 1 0 0 0 1 0 0
782 2 1 1 1 0 0 0 0 0
786 0 0 0 0 0 0 0 0 0
787 0 0 0 0 0 0 0 0 0
788 0 0 0 0 0 0 0 0 0
796 2 1 1 0 0 0 1 0 0
799 4 1 1 2 0 0 0 0 0
801 11 1 1 1 0 0 0 0 0
805 1 0 0 0 0 0 0 0 0
806 46 0 0 15 0 0 0 0 0
807 28 0 0 0 0 0 0 0 0
808 28 0 0 0 0 0 0 0 0
810 3 0 0 1 0 0 1 0 0
811 2 0 0 0 0 0 0 0 0
812 2 0 0 0 0 0 0 0 0
818 7 0 0 2 0 0 2 0 0
821 3 0 0 2 0 0 0 0 0
827 4 0 0 1 1 1 1 0 0
830 0 0 0 0 0 0 0 0 0
831 3 0 0 9 0 0 0 0 0
fn=_dl_map_object
1913 9 0 0 3 0 0 3 2 2
1915 2 0 0 0 0 0 2 0 0
1921 9 0 0 0 0 0 0 0 0
1922 15 3 1 6 2 2 0 0 0
1925 36 0 0 9 0 0 0 0 0
1930 42 0 0 14 0 0 0 0 0
1932 28 0 0 0 0 0 0 0 0
1936 18 3 1 6 0 0 0 0 0
1937 18 0 0 6 0 0 0 0 0
1940 10 0 0 4 0 0 0 0 0
1941 6 0 0 2 0 0 0 0 0
1942 10 0 0 0 0 0 0 0 0
1955 8 1 1 4 0 0 0 0 0
1956 12 0 0 0 0 0 0 0 0
1957 6 0 0 2 0 0 2 0 0
1963 6 0 0 0 0 0 2 2 2
1968 10 1 1 4 0 0 0 0 0
1982 10 0 0 0 0 0 0 0 0
1986 4 0 0 0 0 0 1 0 0
1988 5 1 1 2 0 0 0 0 0
1995 5 0 0 1 0 0 0 0 0
1999 4 1 1 2 1 1 1 0 0
2000 1 1 1 0 0 0 0 0 0
2004 3 0 0 1 0 0 0 0 0
2005 10 0 0 1 0 0 0 0 0
2007 7 0 0 0 0 0 2 0 0
2019 7 1 1 2 0 0 0 0 0
2020 6 2 2 2 0 0 0 0 0
2021 8 1 1 2 1 1 0 0 0
2030 4 0 0 1 0 0 0 0 0
2045 5 0 0 2 0 0 0 0 0
2046 18 1 1 3 0 0 5 0 0
2052 2 0 0 0 0 0 0 0 0
2053 9 1 1 1 0 0 0 0 0
2061 3 0 0 1 0 0 0 0 0
2063 5 1 1 2 0 0 0 0 0
2067 2 0 0 0 0 0 0 0 0
2069 3 0 0 0 0 0 0 0 0
2073 2 0 0 0 0 0 0 0 0
2081 3 0 0 1 0 0 0 0 0
2104 10 1 1 0 0 0 2 0 0
2108 2 0 0 0 0 0 0 0 0
2109 2 0 0 0 0 0 1 0 0
2126 5 0 0 2 0 0 0 0 0
2132 2 0 0 0 0 0 1 0 0
2133 4 0 0 0 0 0 0 0 0
2134 2 0 0 0 0 0 0 0 0
2135 2 0 0 0 0 0 0 0 0
2139 10 1 1 0 0 0 2 0 0
2142 2 0 0 0 0 0 0 0 0
2154 9 0 0 2 0 0 0 0 0
2199 4 0 0 2 1 1 0 0 0
2200 25 1 1 7 0 0 12 0 0
2202 9 0 0 27 0 0 0 0 0
fn=_dl_map_object_from_fd
948 12 0 0 0 0 0 8 2 2
963 8 1 1 2 0 0 2 0 0
993 33 0 0 19 1 1 0 0 0
994 15 1 1 5 0 0 0 0 0
1012 6 1 1 2 0 0 0 0 0
1042 8 0 0 2 0 0 2 0 0
1052 10 0 0 4 0 0 0 0 0
1059 16 1 1 12 0 0 4 0 0
1060 6 0 0 0 0 0 0 0 0
1071 4 0 0 2 0 0 2 1 1
1072 6 0 0 2 0 0 2 0 0
1073 6 0 0 4 0 0 2 0 0
1075 2 0 0 0 0 0 0 0 0
1076 10 0 0 4 0 0 0 0 0
1077 6 2 1 0 0 0 2 0 0
1092 10 0 0 0 0 0 8 0 0
1094 2 0 0 0 0 0 2 0 0
1096 18 0 0 2 0 0 0 0 0
1097 2 0 0 0 0 0 0 0 0
1098 2 0 0 0 0 0 2 0 0
1099 2 0 0 0 0 0 2 0 0
1100 2 0 0 0 0 0 0 0 0
1106 61 0 0 4 0 0 0 0 0
1107 138 3 2 32 4 2 0 0 0
1113 6 2 1 2 1 1 0 0 0
1120 5 0 0 3 0 0 2 0 0
1121 6 0 0 2 0 0 2 0 0
1122 12 0 0 4 0 0 2 0 0
1127 2 0 0 1 1 1 1 0 0
1133 34 1 1 16 2 2 6 0 0
1141 12 0 0 0 0 0 0 0 0
1142 16 0 0 4 0 0 6 1 1
1143 24 0 0 8 0 0 4 0 0
1144 4 0 0 0 0 0 8 0 0
1145 12 0 0 4 0 0 0 0 0
1147 40 1 1 8 0 0 4 0 0
1149 28 1 1 8 0 0 4 0 0
1162 20 0 0 4 0 0 2 0 0
1168 12 0 0 0 0 0 4 0 0
1169 30 0 0 8 0 0 2 0 0
1182 3 1 1 1 0 0 0 0 0
1186 1 0 0 0 0 0 1 1 1
1187 2 0 0 1 0 0 1 0 0
1188 1 0 0 0 0 0 0 0 0
1191 3 0 0 0 0 0 1 0 0
1192 1 0 0 1 0 0 0 0 0
1195 1 0 0 0 0 0 2 0 0
1200 4 0 0 1 0 0 0 0 0
1215 4 0 0 2 1 1 2 0 0
1219 4 0 0 2 1 1 2 0 0
1220 4 0 0 2 0 0 2 0 0
1224 14 1 1 4 0 0 0 0 0
1234 12 0 0 0 0 0 0 0 0
1235 4 0 0 0 0 0 4 0 0
1241 6 0 0 2 0 0 0 0 0
1251 12 0 0 4 0 0 0 0 0
1258 12 0 0 4 0 0 0 0 0
1274 8 1 1 4 0 0 0 0 0
1275 6 1 1 2 0 0 2 0 0
1281 4 1 1 0 0 0 0 0 0
1282 6 0 0 2 0 0 0 0 0
1284 10 0 0 2 0 0 0 0 0
1294 6 0 0 2 0 0 0 0 0
1313 6 0 0 2 0 0 2 0 0
1315 14 1 1 6 0 0 0 0 0
1335 4 0 0 2 0 0 0 0 0
1336 3 0 0 1 0 0 1 0 0
1342 44 0 0 4 0 0 0 0 0
1343 57 0 0 17 10 10 0 0 0
1354 8 1 1 2 0 0 0 0 0
1367 6 0 0 2 0 0 0 0 0
1369 8 0 0 4 0 0 2 0 0
1371 10 0 0 4 0 0 0 0 0
1387 4 0 0 0 0 0 0 0 0
1391 6 0 0 2 0 0 0 0 0
1392 6 1 1 2 0 0 0 0 0
1409 6 0 0 2 0 0 0 0 0
1410 3 0 0 1 0 0 1 0 0
1413 16 0 0 8 0 0 8 0 0
1418 6 0 0 2 0 0 0 0 0
1423 10 1 1 4 0 0 0 0 0
1435 16 0 0 6 0 0 0 0 0
1436 6 1 1 2 0 0 0 0 0
1437 11 0 0 3 0 0 0 0 0
1438 2 0 0 1 0 0 0 0 0
1439 7 0 0 2 0 0 1 0 0
1445 4 0 0 2 0 0 0 0 0
1446 4 0 0 1 0 0 0 0 0
1451 2 0 0 0 0 0 0 0 0
1458 6 0 0 2 0 0 0 0 0
1461 6 1 1 2 0 0 0 0 0
1464 8 0 0 2 0 0 0 0 0
1466 2 0 0 0 0 0 0 0 0
1467 8 0 0 18 0 0 0 0 0
1913 3 3 1 0 0 0 27 2 2
fn=_dl_notify_new_object
908 6 0 0 0 0 0 0 0 0
910 4 0 0 0 0 0 0 0 0
911 4 0 0 2 0 0 0 0 0
917 0 0 0 0 0 0 0 0 0
928 4 2 1 0 0 0 0 0 0
932 18 0 0 8 1 0 0 0 0
933 6 0 0 0 0 0 0 0 0
935 2 0 0 12 0 0 0 0 0
1520 3 2 1 0 0 0 24 1 1
fn=_dl_process_pt_gnu_property
948 2 2 1 0 0 0 18 0 0
fn=add_name_to_object.isra.0
228 4 1 1 0 0 0 24 2 2
fn=cache_rpath
656 9 1 1 3 1 0 0 0 0
657 3 0 0 0 0 0 0 0 0
673 3 0 0 6 0 0 0 0 0
680 1 1 1 0 0 0 9 0 0
fn=decompose_rpath
655 3 1 1 0 0 0 6 0 0
fn=expand_dynamic_string_token
375 4 0 0 0 0 0 0 0 0
385 4 0 0 0 0 0 0 0 0
388 2 0 0 0 0 0 0 0 0
389 4 0 0 0 0 0 0 0 0
400 2 0 0 12 0 0 0 0 0
442 1 1 1 0 0 0 9 0 0
fn=fillin_rpath.isra.0
442 4 0 0 0 0 0 3 0 0
446 1 0 0 0 0 0 0 0 0
448 10 0 0 2 0 0 0 0 0
455 2 0 0 1 0 0 0 0 0
457 4 0 0 1 0 0 0 0 0
461 3 1 1 0 0 0 0 0 0
466 1 0 0 0 0 0 0 0 0
467 3 0 0 0 0 0 0 0 0
474 6 0 0 1 0 0 0 0 0
479 4 1 0 0 0 0 1 0 0
483 14 0 0 7 0 0 1 0 0
484 12 1 1 4 0 0 0 0 0
502 6 1 1 2 0 0 1 0 0
506 7 0 0 3 0 0 1 0 0
508 3 0 0 0 0 0 0 0 0
512 1 0 0 0 0 0 1 1 1
513 4 0 0 2 0 0 0 0 0
514 5 1 1 0 0 0 1 0 0
515 1 0 0 0 0 0 1 0 0
517 4 0 0 2 1 1 0 0 0
518 2 0 0 0 0 0 0 0 0
523 6 0 0 1 0 0 0 0 0
524 8 0 0 2 0 0 0 0 0
525 1 0 0 0 0 0 1 0 0
527 2 0 0 1 0 0 1 0 0
528 3 0 0 1 0 0 0 0 0
529 1 0 0 0 0 0 1 0 0
530 0 0 0 0 0 0 0 0 0
535 4 0 0 2 0 0 1 0 0
536 1 0 0 0 0 0 1 0 0
539 5 1 1 0 0 0 1 0 0
545 1 0 0 0 0 0 1 0 0
548 2 0 0 9 0 0 0 0 0
fn=is_trusted_path_normalize
908 2 1 1 0 0 0 12 0 0
fn=open_path
1758 5 0 0 0 0 0 3 2 2
1759 2 0 0 1 0 0 1 0 0
1762 4 0 0 0 0 0 3 0 0
1763 1 0 0 0 0 0 0 0 0
1765 2 0 0 0 0 0 0 0 0
1768 1 1 1 0 0 0 0 0 0
1770 13 0 0 4 1 1 1 0 0
1773 2 0 0 2 1 0 0 0 0
1777 1 0 0 0 0 0 0 0 0
1781 7 1 1 3 0 0 1 0 0
1788 6 1 1 4 0 0 0 0 0
1789 13 0 0 3 0 0 0 0 0
1792 3 0 0 1 0 0 0 0 0
1797 13 0 0 6 0 0 0 0 0
1800 2 1 1 1 0 0 0 0 0
1806 5 0 0 2 0 0 0 0 0
1809 9 0 0 5 0 0 2 0 0
1811 3 0 0 1 0 0 0 0 0
1813 2 0 0 0 0 0 0 0 0
1818 2 1 1 1 0 0 0 0 0
1819 9 1 1 4 1 1 0 0 0
1825 5 0 0 2 0 0 1 0 0
1827 4 0 0 0 0 0 0 0 0
1828 8 1 1 1 0 0 1 0 0
1830 1 0 0 0 0 0 0 0 0
1837 1 0 0 0 0 0 0 0 0
1883 12 2 2 2 0 0 0 0 0
1887 3 0 0 1 0 0 1 0 0
1889 5 0 0 2 0 0 1 0 0
1892 4 0 0 2 0 0 0 0 0
1906 4 0 0 9 0 0 0 0 0
fn=open_verify.constprop.0
1520 15 0 0 3 0 0 0 0 0
1552 18 0 0 6 2 1 0 0 0
1557 2 1 1 0 0 0 0 0 0
1571 12 0 0 0 0 0 0 0 0
1573 6 0 0 0 0 0 0 0 0
1581 8 0 0 2 0 0 2 0 0
1582 4 2 1 0 0 0 2 0 0
1587 8 0 0 0 0 0 0 0 0
1589 4 0 0 0 0 0 0 0 0
1591 6 0 0 2 0 0 2 0 0
1593 4 0 0 0 0 0 0 0 0
1599 4 0 0 0 0 0 0 0 0
1614 68 4 4 11 2 2 0 0 0
1695 6 0 0 2 0 0 0 0 0
1700 6 0 0 2 0 0 0 0 0
1706 10 0 0 2 0 0 0 0 0
1712 6 0 0 2 0 0 0 0 0
1718 4 0 0 2 0 0 0 0 0
1719 8 0 0 2 0 0 0 0 0
1745 12 0 0 24 0 0 0 0 0
1758 1 1 1 0 0 0 9 1 1
fl=./elf/dl-lookup-direct.c
fn=_dl_lookup_direct
74 15 0 0 3 0 0 0 0 0
75 3 1 1 3 0 0 0 0 0
76 3 0 0 0 0 0 0 0 0
78 18 0 0 9 2 0 0 0 0
79 3 0 0 0 0 0 0 0 0
81 6 0 0 3 0 0 0 0 0
84 12 0 0 3 2 2 0 0 0
86 9 0 0 0 0 0 0 0 0
87 18 1 1 0 0 0 3 0 0
90 6 0 0 0 0 0 0 0 0
93 0 0 0 0 0 0 0 0 0
116 9 0 0 27 0 0 0 0 0
fn=_dl_lookup_symbol_x
31 3 1 1 0 0 0 24 0 0
fn=check_match
31 12 0 0 3 0 0 0 0 0
32 18 0 0 6 0 0 0 0 0
33 3 0 0 0 0 0 0 0 0
36 12 1 1 6 3 3 0 0 0
40 9 0 0 0 0 0 0 0 0
48 15 0 0 0 0 0 0 0 0
51 9 0 0 6 0 0 0 0 0
53 12 0 0 3 0 0 0 0 0
57 6 0 0 6 2 0 0 0 0
58 21 0 0 6 1 0 0 0 0
59 9 0 0 3 0 0 0 0 0
64 6 0 0 24 0 0 0 0 0
74 3 1 1 0 0 0 27 0 0
fl=./elf/dl-lookup.c
fn=_dl_lookup_symbol_x
769 684 3 2 114 0 0 228 4 1
771 228 0 0 0 0 0 114 0 0
773 912 2 2 114 0 0 228 3 2
775 798 4 2 342 5 5 228 0 0
779 651 0 0 217 0 0 0 0 0
781 125 2 2 0 0 0 0 0 0
782 217 0 0 0 0 0 0 0 0
788 915 1 1 235 1 0 0 0 0
789 2729 3 2 1361 0 0 1140 3 1
794 228 0 0 0 0 0 0 0 0
796 42 1 1 7 0 0 0 0 0
813 114 0 0 0 0 0 114 0 0
814 14 1 1 0 0 0 0 0 0
817 228 0 0 114 0 0 0 0 0
818 719 0 0 102 0 0 0 0 0
853 749 0 0 107 0 0 0 0 0
867 321 2 2 107 5 1 0 0 0
868 3 1 0 0 0 0 1 0 0
870 535 0 0 214 0 0 0 0 0
889 342 0 0 1026 0 0 0 0 0
fn=_dl_rtld_di_serinfo
70 107 2 2 0 0 0 642 0 0
fn=check_match
70 535 0 0 214 0 0 0 0 0
73 1284 0 0 428 34 21 0 0 0
86 642 2 2 0 0 0 0 0 0
89 484 0 0 90 0 0 0 0 0
93 107 0 0 107 3 2 0 0 0
94 107 0 0 0 0 0 0 0 0
98 103 0 0 0 0 0 0 0 0
102 206 0 0 206 19 7 0 0 0
103 824 0 0 309 10 2 0 0 0
104 412 2 2 206 0 0 0 0 0
141 8 0 0 0 0 0 0 0 0
143 20 0 0 8 2 2 0 0 0
144 16 0 0 0 0 0 0 0 0
158 107 0 0 0 0 0 0 0 0
159 107 0 0 642 0 0 0 0 0
344 114 2 2 0 0 0 1026 4 2
fn=do_lookup_x
344 684 0 0 342 0 0 456 4 2
345 114 0 0 114 1 0 0 0 0
351 114 7 3 114 0 0 0 0 0
355 748 3 3 748 9 3 0 0 0
358 748 0 0 0 0 0 0 0 0
362 1318 0 0 488 0 0 114 3 2
383 1122 0 0 374 5 2 0 0 0
387 1350 0 0 488 6 4 0 0 0
393 748 0 0 374 1 0 0 0 0
397 716 0 0 0 0 0 114 0 0
398 374 0 0 0 0 0 748 0 0
401 2244 5 3 748 24 6 0 0 0
402 1496 0 0 748 0 0 374 0 0
405 374 0 0 374 0 0 0 0 0
406 748 0 0 0 0 0 0 0 0
408 374 0 0 374 84 60 0 0 0
410 748 0 0 374 0 0 0 0 0
412 374 0 0 0 0 0 0 0 0
413 1122 0 0 374 0 0 0 0 0
416 1870 0 0 0 0 0 0 0 0
419 218 0 0 218 63 44 0 0 0
420 327 2 2 0 0 0 109 0 0
421 327 2 2 109 0 0 0 0 0
423 218 0 0 109 0 0 0 0 0
426 948 0 0 237 81 67 0 0 0
428 214 3 2 0 0 0 0 0 0
429 2592 0 0 642 0 0 1294 0 0
433 856 0 0 535 0 0 0 0 0
436 497 0 0 0 0 0 0 0 0
450 10 1 1 10 0 0 0 0 0
467 6 1 1 2 0 0 0 0 0
473 214 0 0 0 0 0 0 0 0
480 816 0 0 107 0 0 0 0 0
484 50 2 1 20 0 0 0 0 0
496 214 0 0 107 0 0 107 0 0
497 107 0 0 0 0 0 107 0 0
498 107 0 0 0 0 0 0 0 0
515 801 0 0 0 0 0 0 0 0
518 7 1 1 0 0 0 0 0 0
519 228 0 0 1026 0 0 0 0 0
769 114 4 2 0 0 0 1026 2 0
fl=./elf/dl-minimal-malloc.c
fn=???
37 24 1 1 24 2 0 0 0 0
fn=__minimal_calloc
80 8 0 0 0 0 0 32 0 0
84 8 0 0 0 0 0 0 0 0
88 64 1 1 0 0 0 0 0 0
92 8 0 0 32 0 0 0 0 0
97 1 0 0 0 0 0 4 0 0
fn=__minimal_free
99 5 1 0 2 1 1 0 0 0
106 1 0 0 4 0 0 0 0 0
fn=__minimal_malloc
36 72 0 0 0 0 0 120 0 0
37 96 0 0 24 2 1 0 0 0
42 4 0 0 1 0 0 1 0 0
43 5 1 1 2 0 0 0 0 0
44 2 0 0 0 0 0 0 0 0
48 119 1 1 47 0 0 24 0 0
49 24 0 0 0 0 0 0 0 0
51 141 0 0 0 0 0 0 0 0
56 7 0 0 2 0 0 0 0 0
57 6 0 0 0 0 0 0 0 0
59 1 0 0 0 0 0 0 0 0
60 7 0 0 0 0 0 2 0 0
62 2 0 0 0 0 0 0 0 0
64 4 0 0 1 0 0 0 0 0
65 6 0 0 2 0 0 0 0 0
67 4 0 0 1 0 0 1 0 0
70 50 1 0 24 0 0 0 0 0
71 25 0 0 0 0 0 48 0 0
73 48 0 0 120 0 0 0 0 0
87 8 1 1 0 0 0 0 0 0
fl=./elf/dl-minimal.c
fn=__rtld_libc_freeres
43 1 1 1 1 1 0 0 0 0
fn=__rtld_malloc_init_real
76 2 0 0 0 0 0 0 0 0
86 3 0 0 1 1 1 1 0 0
87 2 0 0 0 0 0 1 0 0
88 1 0 0 0 0 0 1 0 0
89 1 0 0 0 0 0 1 0 0
91 6 0 0 1 0 0 0 0 0
92 6 0 0 1 0 0 0 0 0
93 7 0 0 1 0 0 0 0 0
94 5 1 0 1 0 0 0 0 0
99 2 0 0 1 0 0 0 0 0
100 1 0 0 0 0 0 2 0 0
102 1 0 0 0 0 0 2 0 0
103 2 0 0 5 0 0 0 0 0
fn=__rtld_malloc_init_stubs
42 1 0 0 0 0 0 1 0 0
43 3 0 0 1 0 0 0 0 0
44 3 0 0 1 0 0 2 1 1
45 2 0 0 1 1 1 0 0 0
46 3 0 0 1 0 0 2 0 0
47 2 0 0 1 0 0 0 0 0
112 3 3 0 0 0 0 0 0 0
fn=__rtld_malloc_is_complete
61 4 1 1 0 0 0 16 0 0
fn=__sigjmp_save
113 6 0 0 0 0 0 3 2 2
115 6 0 0 0 0 0 0 0 0
fn=_itoa
239 2 1 1 0 0 0 4 0 0
fn=lookup_malloc_symbol
61 12 0 0 0 0 0 0 0 0
63 8 0 0 0 0 0 4 0 0
64 32 1 1 4 0 0 16 0 0
68 20 0 0 8 0 0 0 0 0
69 48 0 0 12 0 0 0 0 0
71 4 0 0 0 0 0 4 0 0
72 12 0 0 20 0 0 0 0 0
76 1 1 1 0 0 0 5 0 0
fn=strsep
242 4 0 0 2 1 1 0 0 0
244 4 0 0 2 0 0 0 0 0
245 2 0 0 0 0 0 0 0 0
247 1 0 0 0 0 0 0 0 0
249 45 1 1 15 0 0 0 0 0
251 28 0 0 0 0 0 0 0 0
254 84 0 0 28 0 0 0 0 0
256 56 0 0 28 0 0 0 0 0
267 1 0 0 0 0 0 1 0 0
270 1 0 0 0 0 0 0 0 0
271 2 0 0 4 0 0 0 0 0
fl=./elf/dl-misc.c
fn=???
68 14 1 1 0 0 0 56 0 0
fn=__minimal_realloc
36 1 1 1 0 0 0 4 0 0
fn=_dl_name_match_p
68 28 0 0 0 0 0 0 0 0
69 42 0 0 14 0 0 0 0 0
70 3 0 0 0 0 0 0 0 0
72 14 0 0 14 0 0 0 0 0
74 29 0 0 0 0 0 0 0 0
75 90 0 0 18 0 0 0 0 0
78 15 0 0 15 0 0 0 0 0
80 11 0 0 0 0 0 0 0 0
81 14 0 0 56 0 0 0 0 0
fn=_dl_sysdep_read_whole_file
36 3 0 0 0 0 0 0 0 0
37 2 0 0 0 0 0 0 0 0
39 2 1 1 0 0 0 0 0 0
40 2 0 0 0 0 0 0 0 0
42 4 0 0 0 0 0 0 0 0
44 2 0 0 1 0 0 1 0 0
47 1 0 0 0 0 0 0 0 0
49 7 0 0 0 0 0 2 0 0
60 2 0 0 0 0 0 0 0 0
63 3 0 0 4 0 0 0 0 0
fl=./elf/dl-object.c
fn=???
33 3 3 1 3 1 1 0 0 0
fn=_dl_add_to_namespace_list
31 9 0 0 0 0 0 12 0 0
33 18 0 0 6 0 0 0 0 0
35 12 0 0 3 0 0 0 0 0
38 20 0 0 5 0 0 0 0 0
40 2 0 0 0 0 0 2 0 0
42 2 0 0 0 0 0 2 0 0
45 2 1 0 0 0 0 1 0 0
46 21 0 0 6 0 0 3 0 0
47 12 0 0 6 1 1 6 0 0
48 12 0 0 0 0 0 6 0 0
50 15 2 0 6 1 0 0 0 0
51 3 0 0 12 0 0 0 0 0
59 3 3 1 0 0 0 27 0 0
fn=_dl_new_object
59 15 0 0 0 0 0 3 0 0
62 9 0 0 3 0 0 0 0 0
64 2 1 1 0 0 0 0 0 0
66 2 1 1 1 0 0 0 0 0
67 2 0 0 1 0 0 0 0 0
71 5 1 1 2 1 1 0 0 0
77 3 0 0 0 0 0 0 0 0
80 6 0 0 4 1 0 0 0 0
83 8 0 0 0 0 0 0 0 0
87 2 0 0 0 0 0 0 0 0
92 4 0 0 0 0 0 0 0 0
95 9 0 0 0 0 0 0 0 0
98 3 0 0 0 0 0 3 1 1
99 3 0 0 0 0 0 3 3 3
100 6 0 0 0 0 0 0 0 0
102 3 0 0 0 0 0 3 0 0
103 3 0 0 0 0 0 0 0 0
104 15 0 0 0 0 0 3 1 1
106 6 0 0 0 0 0 3 0 0
119 15 0 0 5 0 0 0 0 0
123 4 0 0 0 0 0 0 0 0
125 1 0 0 0 0 0 0 0 0
127 12 0 0 6 1 1 3 0 0
130 15 1 1 6 0 0 3 0 0
131 9 0 0 0 0 0 3 3 3
132 3 0 0 0 0 0 3 0 0
136 6 0 0 3 0 0 3 0 0
139 87 0 0 1 0 0 0 0 0
141 16 0 0 0 0 0 16 2 2
149 6 0 0 0 0 0 3 3 3
150 6 0 0 0 0 0 3 0 0
153 1 1 1 0 0 0 0 0 0
155 24 1 0 9 2 1 0 0 0
157 6 0 0 0 0 0 2 0 0
160 8 0 0 0 0 0 0 0 0
164 8 0 0 2 0 0 0 0 0
168 12 0 0 2 0 0 0 0 0
176 1 1 1 0 0 0 1 0 0
179 6 0 0 0 0 0 3 0 0
189 9 0 0 3 0 0 0 0 0
191 10 0 0 0 0 0 2 0 0
195 4 0 0 0 0 0 0 0 0
200 6 0 0 0 0 0 0 0 0
245 10 0 0 2 0 0 0 0 0
250 40 0 0 0 0 0 0 0 0
251 120 0 0 40 0 0 0 0 0
255 6 0 0 0 0 0 0 0 0
256 4 0 0 0 0 0 2 0 0
259 2 0 0 0 0 0 2 0 0
263 9 0 0 27 0 0 0 0 0
fl=./elf/dl-reloc.c
fn=_dl_allocate_static_tls
353 4 1 1 4 0 0 0 0 0
fn=_dl_protect_relro
352 8 0 0 0 0 0 8 0 0
353 4 0 0 0 0 0 0 0 0
356 32 0 0 16 1 1 0 0 0
359 8 0 0 0 0 0 0 0 0
363 8 0 0 0 0 0 0 0 0
364 20 0 0 0 0 0 0 0 0
370 4 0 0 8 0 0 0 0 0
fn=_dl_reloc_bad_type
207 4 1 1 0 0 0 36 0 0
fn=_dl_relocate_object
343 6 0 0 0 0 0 6 0 0
344 12 0 0 0 0 0 0 0 0
346 3 0 0 0 0 0 0 0 0
347 6 0 0 0 0 0 0 0 0
348 3 0 0 6 0 0 0 0 0
fn=_dl_relocate_object_no_relro
170 351 1 1 117 75 71 0 0 0
171 204 1 1 0 0 0 0 0 0
174 408 0 0 102 3 0 0 0 0
175 219 5 5 7 0 0 0 0 0
177 35 0 0 14 0 0 7 0 0
178 21 1 1 7 0 0 7 0 0
182 284 0 0 94 2 0 0 0 0
184 95 0 0 0 0 0 190 0 0
186 754 1 1 285 1 0 0 0 0
187 445 0 0 0 0 0 0 0 0
188 267 0 0 89 5 0 0 0 0
190 885 0 0 95 0 0 388 0 0
193 190 1 1 95 0 0 95 0 0
194 95 0 0 0 0 0 95 0 0
196 7 0 0 7 0 0 0 0 0
207 28 0 0 4 2 1 4 0 0
217 4 0 0 0 0 0 0 0 0
218 8 0 0 0 0 0 4 0 0
220 24 2 2 0 0 0 4 0 0
223 8 0 0 0 0 0 0 0 0
225 12 0 0 12 0 0 0 0 0
226 8 0 0 0 0 0 0 0 0
246 4 1 1 0 0 0 0 0 0
247 20 0 0 4 3 0 0 0 0
250 20 0 0 8 0 0 0 0 0
257 16 0 0 4 1 0 4 0 0
296 254 5 5 75 7 0 22 0 0
298 20 0 0 4 0 0 0 0 0
299 0 0 0 0 0 0 0 0 0
305 0 0 0 0 0 0 0 0 0
307 0 0 0 0 0 0 0 0 0
308 0 0 0 0 0 0 0 0 0
321 12 0 0 4 0 0 4 0 0
324 12 0 0 4 0 0 0 0 0
338 12 0 0 36 2 0 0 0 0
344 5 1 1 5 0 0 0 0 0
fl=./elf/dl-runtime.c
fn=???
46 14 6 2 0 0 0 126 2 0
fn=_dl_fixup
46 42 0 0 0 0 0 0 0 0
48 112 0 0 42 7 4 0 0 0
49 42 5 3 28 0 0 0 0 0
54 14 0 0 14 4 2 0 0 0
55 42 0 0 14 4 3 0 0 0
56 56 0 0 14 0 0 14 0 0
58 28 0 0 14 7 4 0 0 0
63 42 0 0 0 0 0 0 0 0
67 42 0 0 14 7 6 0 0 0
69 41 1 1 0 0 0 0 0 0
71 42 0 0 14 3 3 0 0 0
75 39 3 3 26 8 5 0 0 0
76 39 0 0 13 0 0 0 0 0
77 13 0 0 13 2 2 0 0 0
84 14 0 0 0 0 0 0 0 0
85 70 0 0 14 3 2 0 0 0
95 182 2 2 28 3 3 56 0 0
99 42 0 0 14 0 0 0 0 0
109 210 0 0 56 0 0 14 0 0
124 56 0 0 14 0 0 0 0 0
133 42 2 2 14 0 0 0 0 0
159 56 0 0 28 3 3 0 0 0
162 14 2 2 14 0 0 0 0 0
163 28 0 0 126 0 0 0 0 0
fl=./elf/dl-setup_hash.c
fn=_dl_scope_free
25 4 2 1 0 0 0 16 0 0
fn=_dl_setup_hash
28 8 0 0 4 0 0 0 0 0
31 20 0 0 4 0 0 0 0 0
32 8 0 0 4 3 3 4 1 1
33 4 0 0 8 2 2 0 0 0
36 12 0 0 0 0 0 0 0 0
37 4 0 0 0 0 0 4 0 0
38 12 0 0 4 1 1 4 0 0
41 4 3 1 0 0 0 0 0 0
43 4 0 0 0 0 0 8 0 0
45 12 0 0 0 0 0 4 0 0
63 4 0 0 16 0 0 0 0 0
fl=./elf/dl-sort-maps.c
fn=_dl_setup_hash
135 8 2 2 0 0 0 48 1 1
fn=_dl_sort_maps
140 48 0 0 16 0 0 0 0 0
181 2 0 0 0 0 0 2 0 0
182 4 2 2 2 0 0 2 0 0
183 38 2 2 0 0 0 0 0 0
184 32 0 0 16 0 0 8 0 0
211 12 0 0 0 0 0 0 0 0
216 4 0 0 0 0 0 2 0 0
218 4 0 0 0 0 0 2 0 0
219 9 1 1 3 0 0 0 0 0
221 32 0 0 0 0 0 10 0 0
223 8 2 2 8 0 0 0 0 0
226 24 0 0 8 0 0 0 0 0
244 12 0 0 10 0 0 0 0 0
263 6 2 2 0 0 0 0 0 0
276 12 2 2 4 0 0 0 0 0
283 2 1 1 0 0 0 0 0 0
298 12 0 0 0 0 0 2 0 0
306 10 0 0 4 3 3 0 0 0
310 6 0 0 18 0 0 0 0 0
fn=_dl_sort_maps_init
289 1 0 0 0 0 0 0 0 0
290 5 0 0 1 0 0 0 0 0
291 3 1 0 1 1 1 1 0 0
292 3 0 0 0 0 0 0 0 0
293 2 0 0 1 0 0 0 0 0
298 2 2 1 0 0 0 18 1 1
fn=dfs_traversal.part.0
135 24 0 0 0 0 0 0 0 0
140 30 0 0 10 0 0 0 0 0
143 24 0 0 8 0 0 8 0 0
145 16 0 0 8 1 1 0 0 0
147 55 0 0 15 2 2 0 0 0
156 20 2 2 4 0 0 0 0 0
171 24 0 0 8 0 0 8 0 0
172 8 0 0 0 0 0 8 0 0
173 8 0 0 48 0 0 0 0 0
289 1 1 1 0 0 0 1 0 0
fl=./elf/dl-tls.c
fn=__thread_gscope_wait
452 1 1 1 0 0 0 4 0 0
fn=_dl_add_to_slotinfo
1163 1 0 0 0 0 0 0 0 0
1164 5 1 1 2 0 0 0 0 0
1172 1 0 0 1 0 0 0 0 0
1175 4 0 0 2 1 1 0 0 0
1176 1 0 0 0 0 0 0 0 0
1180 3 0 0 1 0 0 0 0 0
1216 1 0 0 0 0 0 0 0 0
1219 2 0 0 0 0 0 1 0 0
1220 5 1 1 2 1 0 1 0 0
1222 4 0 0 1 0 0 1 0 0
1225 1 0 0 0 0 0 0 0 0
1226 1 0 0 8 0 0 0 0 0
fn=_dl_allocate_tls_init
602 2 0 0 0 0 0 1 0 0
603 3 0 0 0 0 0 1 0 0
607 1 0 0 1 1 0 0 0 0
609 1 0 0 0 0 0 0 0 0
610 1 0 0 0 0 0 0 0 0
613 7 1 1 3 2 1 0 0 0
616 4 0 0 2 1 0 0 0 0
628 3 0 0 2 0 0 0 0 0
633 13 0 0 2 0 0 1 0 0
639 4 1 1 0 0 0 0 0 0
642 1 0 0 1 0 0 0 0 0
643 2 0 0 0 0 0 0 0 0
649 6 0 0 3 0 0 0 0 0
650 3 0 0 0 0 0 0 0 0
652 13 1 1 1 0 0 5 0 0
655 2 0 0 0 0 0 0 0 0
656 2 0 0 1 0 0 0 0 0
659 2 1 1 0 0 0 0 0 0
660 3 0 0 2 0 0 0 0 0
665 2 0 0 1 0 0 0 0 0
672 1 0 0 0 0 0 1 0 0
682 8 0 0 2 0 0 0 0 0
684 9 0 0 4 0 0 1 0 0
687 2 0 0 1 0 0 0 0 0
688 5 0 0 3 0 0 1 0 0
692 1 0 0 1 0 0 0 0 0
698 7 0 0 3 0 0 0 0 0
701 1 0 0 0 0 0 1 0 0
704 3 1 1 10 0 0 0 0 0
fn=_dl_allocate_tls_storage
91 7 0 0 2 0 0 1 0 0
97 7 0 0 2 0 0 1 0 0
515 2 0 0 1 0 0 0 0 0
517 2 0 0 0 0 0 0 0 0
527 2 0 0 0 0 0 1 0 0
529 2 0 0 0 0 0 0 0 0
530 2 0 0 0 0 0 0 0 0
535 2 0 0 4 0 0 0 0 0
602 1 1 0 0 0 0 9 0 0
fn=_dl_assign_tls_modid
153 1 0 0 0 0 0 4 0 0
156 3 0 0 1 0 0 0 0 0
209 4 0 0 2 0 0 0 0 0
211 1 0 0 0 0 0 1 0 0
214 1 0 0 0 0 0 1 0 0
215 1 0 0 4 0 0 0 0 0
222 1 1 1 1 1 1 0 0 0
fn=_dl_count_modids
222 3 0 0 1 0 0 0 0 0
223 1 0 0 1 0 0 0 0 0
238 1 0 0 0 0 0 0 0 0
363 1 1 0 1 1 1 0 0 0
fn=_dl_determine_tlsoffset
243 2 0 0 0 0 0 9 0 0
244 2 0 0 0 0 0 1 0 0
245 1 0 0 0 0 0 0 0 0
246 1 0 0 0 0 0 0 0 0
361 1 0 0 0 0 0 0 0 0
363 12 1 1 1 0 0 0 0 0
364 4 1 1 4 0 0 0 0 0
366 12 0 0 4 1 0 0 0 0
369 3 0 0 2 0 0 0 0 0
370 1 0 0 0 0 0 0 0 0
372 5 0 0 1 0 0 1 0 0
374 7 0 0 0 0 0 1 0 0
376 5 1 1 0 0 0 0 0 0
388 6 0 0 0 0 0 0 0 0
389 2 0 0 0 0 0 0 0 0
390 2 0 0 0 0 0 0 0 0
392 2 0 0 0 0 0 1 0 0
393 2 0 0 0 0 0 0 0 0
399 6 0 0 1 0 0 0 0 0
416 4 0 0 1 0 0 0 0 0
419 8 0 0 0 0 0 0 0 0
437 1 0 0 0 0 0 0 0 0
439 3 0 0 1 0 0 1 0 0
440 7 0 0 2 0 0 1 0 0
447 1 0 0 0 0 0 1 0 0
448 2 0 0 9 0 0 0 0 0
fn=_dl_get_tls_static_info
509 1 1 0 0 0 0 4 0 0
fn=_dl_resize_dtv
125 1 1 1 0 0 0 3 0 0
fn=_dl_tls_get_addr_soft
1125 1 1 1 1 1 0 0 0 0
fn=_dl_tls_initial_modid_limit_setup
1125 2 0 0 1 0 0 0 0 0
1128 9 0 0 1 0 0 0 0 0
1130 2 0 0 2 0 0 0 0 0
1131 4 0 0 0 0 0 0 0 0
1134 3 0 0 1 0 0 0 0 0
1137 3 0 0 1 0 0 1 1 0
1138 1 0 0 0 0 0 0 0 0
1163 1 1 1 0 0 0 8 0 0
fn=_dl_tls_static_surplus_init
111 4 0 0 0 0 0 0 0 0
125 2 0 0 0 0 0 0 0 0
128 6 1 1 1 0 0 0 0 0
129 5 0 0 1 0 0 0 0 0
130 4 0 0 0 0 0 0 0 0
132 3 0 0 0 0 0 0 0 0
135 1 0 0 0 0 0 0 0 0
137 3 0 0 1 1 0 1 0 0
139 4 0 0 1 0 0 1 1 1
140 2 0 0 3 0 0 0 0 0
156 1 1 1 1 1 0 0 0 0
fn=allocate_dtv
452 1 0 0 0 0 0 0 0 0
457 3 0 0 2 1 1 0 0 0
461 1 1 0 0 0 0 0 0 0
463 1 0 0 0 0 0 0 0 0
466 3 0 0 0 0 0 1 1 1
472 1 0 0 0 0 0 1 0 0
478 1 0 0 4 0 0 0 0 0
fl=./elf/dl-tunables.c
fn=__GI___tunable_set_val
300 1 1 1 1 1 1 0 0 0
fn=__GI___tunables_init
43 125 1 1 18 0 0 0 0 0
46 17 0 0 0 0 0 0 0 0
49 901 1 1 136 7 7 0 0 0
53 34 0 0 0 0 0 0 0 0
57 85 0 0 17 0 0 0 0 0
188 51 0 0 0 0 0 0 0 0
245 8 0 0 3 0 0 0 0 0
294 2 1 1 0 0 0 9 0 0
300 4 0 0 1 0 0 0 0 0
304 6 0 0 0 0 0 1 1 1
317 408 0 0 0 0 0 0 0 0
319 408 0 0 136 1 1 0 0 0
320 274 0 0 1 0 0 0 0 0
322 272 0 0 136 8 8 0 0 0
340 4 0 0 2 1 1 0 0 0
343 24 0 0 0 0 0 0 0 0
346 24 0 0 8 0 0 0 0 0
350 8 0 0 0 0 0 0 0 0
355 2 0 0 9 0 0 0 0 0
fn=__tunable_get_default
441 23 2 1 23 3 1 0 0 0
fn=__tunable_get_val
441 161 3 1 46 24 19 0 0 0
450 60 2 0 20 6 4 10 0 0
451 10 0 0 0 0 0 0 0 0
455 78 0 0 26 7 3 13 0 0
467 253 0 0 46 1 0 0 0 0
469 23 0 0 0 0 0 0 0 0
fl=./elf/dl-tunables.h
fn=__GI___tunables_init
160 291 1 1 205 1 1 0 0 0
161 1449 1 1 17 0 0 0 0 0
fl=./elf/dl-version.c
fn=__tunable_get_val
155 4 1 0 0 0 0 36 0 0
fn=_dl_check_all_versions
401 2 0 0 0 0 0 0 0 0
403 16 0 0 4 0 0 0 0 0
404 8 0 0 4 0 0 0 0 0
405 24 0 0 0 0 0 0 0 0
408 2 0 0 6 0 0 0 0 0
fn=_dl_check_map_versions
36 32 0 0 6 0 0 0 0 0
37 5 0 0 5 0 0 0 0 0
38 39 1 1 0 0 0 0 0 0
56 30 0 0 10 1 0 0 0 0
64 26 1 1 12 0 0 2 0 0
70 15 0 0 5 0 0 0 0 0
86 5 0 0 5 0 0 0 0 0
87 10 0 0 0 0 0 0 0 0
89 10 0 0 5 0 0 0 0 0
94 166 1 1 42 11 11 5 0 0
108 126 0 0 42 5 5 0 0 0
113 40 1 1 10 0 0 0 0 0
120 111 0 0 37 3 3 0 0 0
124 37 0 0 0 0 0 0 0 0
155 8 0 0 0 0 0 0 0 0
156 18 0 0 0 0 0 9 0 0
164 3 0 0 0 0 0 0 0 0
170 12 0 0 4 0 0 0 0 0
171 2 0 0 0 0 0 1 0 0
172 24 0 0 4 1 0 0 0 0
174 4 0 0 4 1 0 0 0 0
175 4 0 0 4 0 0 0 0 0
177 8 1 1 0 0 0 0 0 0
180 6 0 0 4 0 0 0 0 0
184 6 0 0 2 2 2 0 0 0
200 6 0 0 4 0 0 0 0 0
208 4 0 0 0 0 0 0 0 0
213 10 0 0 2 1 1 10 0 0
215 3 0 0 0 0 0 0 0 0
217 15 0 0 10 0 0 0 0 0
218 56 0 0 37 1 1 4 1 0
221 10 1 1 5 0 0 5 0 0
224 30 1 1 5 0 0 0 0 0
228 4 0 0 8 0 0 0 0 0
231 25 0 0 5 0 0 0 0 0
234 10 0 0 5 0 0 0 0 0
239 3 0 0 0 0 0 0 0 0
243 6 0 0 2 0 0 0 0 0
257 14 1 1 4 0 0 0 0 0
260 6 0 0 4 0 0 0 0 0
263 210 0 0 42 2 2 0 0 0
266 124 0 0 42 1 1 0 0 0
270 40 0 0 0 0 0 0 0 0
274 6 1 1 0 0 0 0 0 0
279 3 1 1 0 0 0 3 0 0
280 3 0 0 0 0 0 0 0 0
281 9 0 0 3 0 0 0 0 0
284 3 0 0 0 0 0 0 0 0
291 3 0 0 0 0 0 3 0 0
294 23 0 0 7 2 0 3 1 0
296 6 0 0 0 0 0 0 0 0
299 6 0 0 4 0 0 0 0 0
301 0 0 0 0 0 0 0 0 0
303 8 1 1 2 0 0 2 0 0
306 5 0 0 5 0 0 0 0 0
308 15 0 0 0 0 0 0 0 0
310 15 0 0 5 0 0 0 0 0
311 16 0 0 0 0 0 12 2 2
312 15 0 0 5 0 0 5 0 0
313 15 0 0 5 0 0 5 0 0
316 15 0 0 5 0 0 0 0 0
321 3 0 0 0 0 0 0 0 0
324 6 1 1 4 0 0 0 0 0
329 0 0 0 0 0 0 0 0 0
334 6 1 1 2 0 0 0 0 0
337 44 0 0 2 0 0 0 0 0
341 40 0 0 40 0 0 0 0 0
343 126 0 0 42 0 0 0 0 0
347 40 0 0 40 0 0 0 0 0
348 200 0 0 40 0 0 40 11 11
349 120 0 0 40 0 0 40 0 0
350 40 0 0 0 0 0 40 0 0
353 126 0 0 42 0 0 0 0 0
364 153 0 0 0 0 0 0 0 0
365 153 0 0 51 0 0 0 0 0
366 24 1 1 3 1 1 6 0 0
372 6 0 0 0 0 0 0 0 0
373 4 0 0 2 0 0 0 0 0
374 4 0 0 2 0 0 0 0 0
375 0 0 0 0 0 0 0 0 0
394 12 0 0 40 0 0 0 0 0
399 1 1 1 0 0 0 6 0 0
fl=./elf/do-rel.h
fn=_dl_relocate_object_no_relro
48 8 1 1 0 0 0 0 0 0
49 16 0 0 8 0 0 0 0 0
50 16 0 0 8 0 0 0 0 0
51 12 0 0 4 0 0 0 0 0
53 24 0 0 16 0 0 0 0 0
80 16 0 0 0 0 0 0 0 0
83 73 0 0 0 0 0 0 0 0
105 12 1 1 6 1 1 0 0 0
112 24 1 1 0 0 0 0 0 0
114 2203 1 1 0 0 0 0 0 0
115 1096 0 0 1096 138 138 0 0 0
117 18 0 0 6 4 0 0 0 0
120 35 0 0 5 1 0 5 1 0
122 457 0 0 117 0 0 0 0 0
124 666 0 0 333 69 58 222 0 0
125 222 0 0 111 0 0 0 0 0
126 222 0 0 111 1 0 0 0 0
127 222 0 0 111 0 0 0 0 0
141 341 0 0 111 0 0 0 0 0
142 81 1 1 39 1 0 3 0 0
171 28 1 1 8 0 0 0 0 0
173 18 0 0 0 0 0 12 0 0
174 12 0 0 12 1 1 0 0 0
187 18 1 1 6 0 0 0 0 0
188 5 0 0 1 1 1 3 0 0
fn=_dl_start
49 4 0 0 2 0 0 0 0 0
50 4 0 0 2 0 0 0 0 0
51 5 0 0 2 0 0 0 0 0
53 12 1 1 5 0 0 3 1 1
56 40 1 1 0 0 0 0 0 0
57 18 0 0 18 3 3 0 0 0
61 15 0 0 2 0 0 2 0 0
63 4 0 0 2 1 1 0 0 0
65 4 0 0 2 0 0 0 0 0
fl=./elf/get-dynamic-info.h
fn=_dl_map_object_from_fd
39 4 0 0 0 0 0 0 0 0
43 2 0 0 0 0 0 0 0 0
45 136 0 0 46 8 8 0 0 0
49 88 0 0 0 0 0 0 0 0
54 35 0 0 0 0 0 0 0 0
55 26 0 0 0 0 0 0 0 0
56 6 0 0 0 0 0 0 0 0
57 4 0 0 0 0 0 0 0 0
59 10 0 0 0 0 0 0 0 0
62 10 0 0 0 0 0 0 0 0
64 6 0 0 0 0 0 0 0 0
68 44 1 1 0 0 0 44 7 7
72 8 1 1 0 0 0 0 0 0
84 4 0 0 2 0 0 0 0 0
85 10 0 0 4 0 0 2 0 0
86 10 0 0 4 0 0 2 0 0
87 10 0 0 4 0 0 2 0 0
88 4 0 0 2 0 0 0 0 0
89 10 1 1 4 0 0 2 0 0
90 7 0 0 3 0 0 1 0 0
91 10 0 0 4 0 0 2 0 0
106 14 0 0 4 0 0 2 0 0
110 4 0 0 2 0 0 0 0 0
113 6 0 0 2 0 0 0 0 0
126 4 1 1 2 0 0 0 0 0
127 8 0 0 4 0 0 0 0 0
129 4 0 0 2 0 0 0 0 0
130 0 0 0 0 0 0 0 0 0
147 4 0 0 2 0 0 0 0 0
152 2 0 0 1 0 0 1 0 0
154 1 0 0 0 0 0 0 0 0
155 2 0 0 0 0 0 0 0 0
156 1 0 0 0 0 0 0 0 0
157 2 0 0 0 0 0 0 0 0
158 1 0 0 0 0 0 0 0 0
159 2 0 0 0 0 0 1 0 0
162 6 1 1 2 0 0 0 0 0
164 4 0 0 2 0 0 2 0 0
165 2 0 0 0 0 0 0 0 0
166 6 0 0 0 0 0 0 0 0
174 10 0 0 4 1 1 0 0 0
180 2 0 0 0 0 0 0 0 0
181 6 0 0 1 0 0 1 0 0
184 4 0 0 2 0 0 0 0 0
186 0 0 0 0 0 0 0 0 0
fl=./elf/libc_early_init.c
fn=__libc_early_init
34 13 0 0 5 1 0 6 0 0
36 1 1 1 0 0 0 0 0 0
39 3 0 0 2 0 0 1 0 0
42 6 0 0 2 0 0 2 2 2
47 9 1 0 4 0 0 0 0 0
52 2 0 0 5 0 0 0 0 0
fn=_dl_find_object
34 1 1 1 1 1 1 0 0 0
fl=./elf/rtld.c
fn=_dl_start
457 1 0 0 0 0 0 0 0 0
461 5 1 1 2 0 0 1 0 0
478 3 0 0 0 0 0 0 0 0
479 1 0 0 0 0 0 1 0 0
480 1 0 0 0 0 0 1 0 0
481 3 0 0 1 0 0 1 0 0
490 3 0 0 1 0 0 1 0 0
496 4 0 0 1 0 0 0 0 0
498 3 1 0 1 0 0 0 0 0
519 4 0 0 0 0 0 9 2 2
545 3 0 0 1 1 1 1 0 0
548 2 0 0 0 0 0 1 1 1
549 3 1 1 1 1 1 1 0 0
565 42 4 4 12 1 1 3 0 0
567 6 1 1 4 0 0 1 0 0
585 3 0 0 9 2 0 0 0 0
852 1 1 1 0 0 0 9 0 0
fn=dl_main
197 3 0 0 0 0 0 2 0 0
199 3 0 0 0 0 0 1 1 1
206 0 0 0 0 0 0 0 0 0
209 0 0 0 0 0 0 0 0 0
224 2 1 1 2 0 0 0 0 0
225 4 0 0 2 0 0 0 0 0
226 4 1 1 0 0 0 0 0 0
227 0 0 0 0 0 0 0 0 0
297 1 0 0 0 0 0 2 0 0
299 1 0 0 0 0 0 2 0 0
300 1 0 0 0 0 0 2 1 1
302 1 0 0 0 0 0 1 0 0
303 1 0 0 0 0 0 1 0 0
820 3 1 1 2 1 0 0 0 0
824 6 0 0 4 2 1 2 0 0
833 3 0 0 1 0 0 1 0 0
838 2 0 0 0 0 0 1 0 0
1098 1 0 0 1 0 0 0 0 0
1099 1 0 0 1 0 0 0 0 0
1105 3 0 0 0 0 0 2 0 0
1107 3 0 0 1 0 0 1 0 0
1108 3 0 0 1 0 0 1 0 0
1123 1 0 0 0 0 0 1 0 0
1126 37 2 2 2 0 0 0 0 0
1127 88 2 2 19 5 4 0 0 0
1131 3 1 1 1 0 0 1 0 0
1136 4 0 0 2 0 0 1 0 0
1137 6 0 0 2 0 0 1 0 0
1146 4 0 0 1 0 0 1 1 1
1147 3 1 1 2 0 0 0 0 0
1149 6 0 0 1 0 0 5 0 0
1151 1 0 0 0 0 0 0 0 0
1159 4 0 0 2 0 0 0 0 0
1160 14 0 0 6 0 0 2 0 0
1161 4 0 0 2 0 0 0 0 0
1162 4 0 0 0 0 0 1 0 0
1164 6 0 0 2 0 0 0 0 0
1165 8 0 0 2 0 0 0 0 0
1166 6 0 0 0 0 0 1 0 0
1169 6 0 0 2 1 1 0 0 0
1170 4 0 0 2 0 0 0 0 0
1171 4 0 0 0 0 0 2 0 0
1175 10 0 0 4 0 0 2 0 0
1203 6 1 1 3 1 1 2 0 0
1207 2 0 0 1 0 0 1 1 1
1208 2 0 0 1 0 0 1 0 0
1213 20 0 0 0 0 0 0 0 0
1214 33 1 1 10 0 0 0 0 0
1226 2 0 0 1 0 0 0 0 0
1228 0 0 0 0 0 0 0 0 0
1229 2 0 0 1 0 0 0 0 0
1230 0 0 0 0 0 0 0 0 0
1231 5 0 0 2 0 0 0 0 0
1256 5 0 0 2 2 2 0 0 0
1257 3 0 0 1 0 0 0 0 0
1259 2 0 0 1 0 0 0 0 0
1261 1 1 1 0 0 0 1 0 0
1262 2 0 0 1 0 0 1 0 0
1265 3 0 0 1 0 0 1 0 0
1271 1 0 0 0 0 0 0 0 0
1272 25 0 0 0 0 0 0 0 0
1274 21 0 0 7 2 2 0 0 0
1276 11 0 0 4 0 0 0 0 0
1277 9 1 1 3 0 0 0 0 0
1278 6 0 0 0 0 0 0 0 0
1279 6 0 0 0 0 0 1 0 0
1283 8 0 0 2 1 1 0 0 0
1290 1 0 0 0 0 0 0 0 0
1291 7 1 1 1 0 0 0 0 0
1293 4 0 0 2 0 0 1 0 0
1294 2 0 0 1 0 0 1 0 0
1360 9 1 1 1 1 1 4 0 0
1365 1 0 0 0 0 0 0 0 0
1366 1 0 0 0 0 0 1 0 0
1372 1 0 0 0 0 0 0 0 0
1382 6 1 1 3 0 0 2 0 0
1383 6 0 0 3 0 0 0 0 0
1650 9 2 2 1 1 1 2 0 0
1652 3 0 0 0 0 0 0 0 0
1653 1 0 0 0 0 0 1 1 1
1654 2 0 0 1 0 0 1 0 0
1655 3 0 0 2 0 0 1 0 0
1659 2 0 0 0 0 0 0 0 0
1660 5 0 0 2 0 0 0 0 0
1685 1 1 1 0 0 0 0 0 0
1689 4 0 0 2 1 1 0 0 0
1690 5 0 0 2 0 0 0 0 0
1691 5 0 0 2 0 0 0 0 0
1692 3 0 0 1 0 0 0 0 0
1695 3 0 0 1 0 0 1 0 0
1698 3 0 0 0 0 0 2 0 0
1700 3 1 1 1 0 0 0 0 0
1701 2 0 0 0 0 0 1 0 0
1705 5 0 0 2 0 0 0 0 0
1707 2 0 0 0 0 0 0 0 0
1715 2 0 0 1 0 0 0 0 0
1716 0 0 0 0 0 0 0 0 0
1717 0 0 0 0 0 0 0 0 0
1722 2 0 0 0 0 0 0 0 0
1725 3 1 1 1 0 0 0 0 0
1750 6 1 1 2 0 0 1 0 0
1752 2 0 0 0 0 0 1 0 0
1757 3 0 0 1 0 0 0 0 0
1760 4 1 1 2 0 0 1 0 0
1761 6 0 0 2 0 0 1 0 0
1762 2 0 0 0 0 0 1 0 0
1763 1 0 0 0 0 0 1 0 0
1764 5 0 0 2 0 0 1 0 0
1765 6 1 1 2 0 0 2 0 0
1770 5 0 0 2 1 1 0 0 0
1779 3 1 1 1 0 0 0 0 0
1783 1 0 0 0 0 0 0 0 0
1784 3 0 0 1 0 0 0 0 0
1808 2 0 0 0 0 0 1 0 0
1814 3 0 0 1 0 0 0 0 0
1819 3 0 0 0 0 0 0 0 0
1824 4 1 1 2 0 0 0 0 0
1828 3 0 0 1 0 0 0 0 0
1832 7 1 1 1 1 1 0 0 0
1837 3 0 0 1 0 0 0 0 0
1853 7 0 0 1 0 0 0 0 0
1929 4 0 0 2 0 0 0 0 0
1933 7 1 1 0 0 0 0 0 0
1934 2 0 0 0 0 0 0 0 0
1937 2 1 1 0 0 0 1 0 0
1938 1 0 0 1 0 0 0 0 0
1939 2 0 0 0 0 0 0 0 0
1940 2 0 0 0 0 0 0 0 0
1945 4 1 1 2 0 0 0 0 0
1946 0 0 0 0 0 0 0 0 0
1955 10 0 0 1 0 0 1 0 0
1961 12 1 1 0 0 0 0 0 0
1962 16 0 0 8 0 0 4 0 0
1965 5 0 0 3 1 0 1 0 0
1966 1 0 0 0 0 0 0 0 0
1967 1 0 0 0 0 0 1 0 0
1969 9 0 0 0 0 0 0 0 0
1970 13 0 0 4 0 0 0 0 0
1977 8 1 1 4 0 0 1 0 0
1978 3 0 0 1 0 0 0 0 0
1980 5 1 1 1 0 0 1 0 0
1982 2 0 0 0 0 0 0 0 0
1984 5 1 0 2 1 0 0 0 0
1998 8 2 2 2 0 0 0 0 0
1999 4 0 0 1 0 0 1 0 0
2000 2 0 0 1 0 0 0 0 0
2002 0 0 0 0 0 0 0 0 0
2003 0 0 0 0 0 0 0 0 0
2010 1 1 1 0 0 0 0 0 0
2011 4 0 0 0 0 0 2 0 0
2012 6 0 0 2 0 0 0 0 0
2022 4 0 0 2 0 0 1 0 0
2023 3 0 0 1 0 0 0 0 0
2024 4 0 0 0 0 0 1 0 0
2026 2 0 0 0 0 0 0 0 0
2031 3 0 0 1 0 0 0 0 0
2230 4 0 0 1 0 0 1 0 0
2234 5 1 1 3 0 0 2 0 0
2240 2 0 0 1 0 0 1 0 0
2243 3 0 0 1 0 0 0 0 0
2255 6 0 0 2 0 0 0 0 0
2258 3 0 0 1 0 0 1 0 0
2263 4 0 0 2 0 0 0 0 0
2267 6 1 1 1 0 0 0 0 0
2276 1 0 0 1 0 0 0 0 0
2277 10 0 0 0 0 0 0 0 0
2279 8 0 0 8 2 0 0 0 0
2284 8 0 0 8 4 0 0 0 0
2286 10 0 0 0 0 0 0 0 0
2288 5 1 1 0 0 0 1 0 0
2289 1 0 0 1 0 0 0 0 0
2292 12 1 1 4 0 0 4 0 0
2294 34 0 0 9 3 0 0 0 0
2298 18 0 0 6 1 0 0 0 0
2299 3 0 0 0 0 0 0 0 0
2306 1 0 0 0 0 0 0 0 0
2312 5 1 1 2 0 0 0 0 0
2316 6 0 0 3 1 0 0 0 0
2317 0 0 0 0 0 0 0 0 0
2318 5 0 0 2 0 0 1 0 0
2325 3 1 1 1 0 0 0 0 0
2328 5 0 0 2 0 0 0 0 0
2332 8 0 0 4 1 0 0 0 0
2335 1 0 0 0 0 0 0 0 0
2340 2 0 0 1 1 0 0 0 0
2344 7 1 1 2 0 0 0 0 0
2347 1 0 0 0 0 0 0 0 0
2348 2 0 0 0 0 0 0 0 0
2351 2 0 0 0 0 0 0 0 0
2355 4 0 0 1 0 0 0 0 0
2360 5 0 0 2 1 0 0 0 0
2367 1 0 0 0 0 0 0 0 0
2371 2 0 0 0 0 0 0 0 0
2372 2 0 0 0 0 0 0 0 0
2376 3 1 1 0 0 0 0 0 0
2380 1 0 0 0 0 0 0 0 0
2385 3 0 0 9 1 0 0 0 0
2517 3 1 1 2 0 0 0 0 0
2588 2 0 0 0 0 0 1 1 1
2590 1 0 0 1 0 0 0 0 0
2592 15 0 0 0 0 0 0 0 0
2596 128 0 0 21 0 0 0 0 0
2597 2 0 0 0 0 0 0 0 0
2599 4 1 1 0 0 0 0 0 0
2605 14 0 0 2 1 0 0 0 0
2630 7 2 2 1 0 0 0 0 0
2640 7 0 0 1 0 0 0 0 0
2642 2 0 0 0 0 0 1 0 0
2643 1 0 0 0 0 0 0 0 0
2677 7 1 1 1 1 1 0 0 0
2679 2 0 0 0 0 0 1 0 0
2680 3 1 1 1 1 1 1 0 0
2681 1 0 0 0 0 0 0 0 0
2717 7 1 1 2 0 0 0 0 0
2740 6 0 0 2 0 0 1 0 0
fn=do_preload
641 1 1 0 0 0 0 2 0 0
787 3 0 0 0 0 0 0 0 0
789 1 0 0 0 0 0 0 0 0
793 1 0 0 0 0 0 2 0 0
794 1 0 0 0 0 0 1 0 0
795 2 1 1 0 0 0 1 0 0
797 3 0 0 2 1 1 0 0 0
799 8 0 0 1 0 0 1 0 0
800 2 0 0 1 0 0 0 0 0
808 4 0 0 1 0 0 0 0 0
814 2 0 0 6 0 0 0 0 0
fn=handle_preload_list
183 5 0 0 2 0 0 0 0 0
852 3 0 0 0 0 0 1 1 1
853 2 0 0 0 0 0 0 0 0
857 4 0 0 2 0 0 0 0 0
860 7 1 1 1 1 0 0 0 0
861 5 0 0 0 0 0 0 0 0
863 4 0 0 0 0 0 0 0 0
864 3 0 0 0 0 0 1 0 0
867 3 0 0 0 0 0 0 0 0
870 1 0 0 0 0 0 0 0 0
871 2 0 0 1 0 0 0 0 0
872 0 0 0 0 0 0 0 0 0
874 2 0 0 1 0 0 0 0 0
875 5 0 0 1 0 0 0 0 0
878 4 0 0 9 0 0 0 0 0
1360 1 1 1 0 0 0 9 0 0
fn=init_tls
548 1 1 1 1 1 1 0 0 0
736 4 0 0 2 1 0 1 0 0
740 2 0 0 1 1 0 0 0 0
746 1 0 0 0 0 0 0 0 0
749 1 0 0 0 0 0 1 0 0
751 1 0 0 0 0 0 0 0 0
756 1 0 0 0 0 0 2 0 0
759 2 0 0 0 0 0 0 0 0
762 1 0 0 0 0 0 0 0 0
769 1 1 1 0 0 0 0 0 0
770 2 0 0 0 0 0 0 0 0
776 2 0 0 1 0 0 1 0 0
780 4 0 0 1 0 0 1 0 0
783 2 0 0 6 0 0 0 0 0
fn=map_doit
641 2 0 0 0 0 0 0 0 0
643 1 0 0 1 0 0 0 0 0
644 9 2 1 2 0 0 3 0 0
646 2 0 0 2 0 0 0 0 0
fn=print_missing_version
787 1 1 1 0 0 0 6 0 0
fn=process_dl_debug.isra.0
734 1 1 1 0 0 0 6 0 0
fn=unload_audit_module
676 1 1 1 1 1 1 0 0 0
fn=version_check_doit
674 2 0 0 0 0 0 2 0 0
676 6 1 0 2 0 0 0 0 0
677 0 0 0 0 0 0 0 0 0
680 1 0 0 2 0 0 0 0 0
fl=./io/../include/sys/sysmacros.h
fn=__fstatat64_time64
49 260 1 1 0 0 0 0 0 0
fl=./io/../sysdeps/posix/isatty.c
fn=getwd
24 1 1 1 1 1 1 0 0 0
fn=isatty
24 10 0 0 4 0 0 2 0 0
27 2 0 0 0 0 0 0 0 0
28 11 1 0 5 0 0 0 0 0
fl=./io/../sysdeps/unix/sysv/linux/access.c
fn=access
25 1 0 0 0 0 0 1 0 0
27 8 0 0 1 1 0 1 0 0
31 1 0 0 1 0 0 0 0 0
fn=profil
27 1 0 0 0 0 0 0 0 0
fl=./io/../sysdeps/unix/sysv/linux/close_nocancel.c
fn=???
26 11 1 1 0 0 0 0 0 0
fn=__GI___close_nocancel
25 3 0 0 0 0 0 3 0 0
26 9 0 0 0 0 0 0 0 0
27 3 0 0 3 0 0 0 0 0
fn=__close_nocancel
25 8 0 0 0 0 0 8 0 0
26 24 2 2 0 0 0 0 0 0
27 8 0 0 8 0 0 0 0 0
fl=./io/../sysdeps/unix/sysv/linux/fstat64.c
fn=__fstat64_time64
65 24 0 0 0 0 0 0 0 0
70 48 1 0 12 7 4 0 0 0
fn=access
30 3 1 1 0 0 0 0 0 0
fn=fstat
30 9 3 2 0 0 0 0 0 0
fl=./io/../sysdeps/unix/sysv/linux/fstatat64.c
fn=__fstatat64_time64
50 65 1 1 0 0 0 0 0 0
52 39 0 0 0 0 0 0 0 0
55 390 10 7 104 0 0 234 0 0
56 13 0 0 26 5 4 0 0 0
57 13 0 0 26 0 0 0 0 0
58 13 0 0 13 0 0 0 0 0
59 26 0 0 13 7 3 13 0 0
60 26 0 0 13 0 0 13 0 0
61 26 1 1 13 0 0 13 0 0
62 26 3 2 13 0 0 13 0 0
63 13 0 0 13 0 0 0 0 0
64 26 0 0 13 5 4 13 0 0
65 13 0 0 13 0 0 0 0 0
66 26 0 0 13 0 0 13 0 0
67 13 0 0 13 0 0 0 0 0
68 26 0 0 13 0 0 13 0 0
69 13 0 0 13 0 0 0 0 0
70 13 0 0 13 0 0 0 0 0
71 26 0 0 13 0 0 13 0 0
146 146 0 0 45 5 3 87 3 2
161 13 0 0 0 0 0 0 0 0
162 102 0 0 231 0 0 0 0 0
fn=fstat64
146 4 1 1 0 0 0 36 1 1
fn=fstatat
146 9 2 2 0 0 0 81 1 0
fl=./io/../sysdeps/unix/sysv/linux/getcwd.c
fn=futimens
49 1 1 1 0 0 0 9 0 0
fn=getcwd
49 11 1 1 5 2 2 1 0 0
55 2 0 0 0 0 0 1 0 0
57 0 0 0 0 0 0 0 0 0
66 3 1 1 1 0 0 0 0 0
76 1 0 0 0 0 0 1 0 0
80 5 0 0 1 0 0 0 0 0
81 6 1 1 2 1 0 0 0 0
84 3 1 1 1 0 0 0 0 0
88 6 0 0 1 0 0 1 0 0
131 10 0 0 14 0 0 0 0 0
fl=./io/../sysdeps/unix/sysv/linux/open.c
fn=mknodat
32 8 2 2 0 0 0 24 0 0
fn=open
32 104 0 0 48 3 3 24 0 0
35 20 0 0 0 0 0 0 0 0
38 14 1 0 0 0 0 7 0 0
39 7 0 0 7 0 0 0 0 0
40 7 0 0 0 0 0 0 0 0
43 48 1 0 0 0 0 24 0 0
44 88 0 0 48 0 0 0 0 0
fl=./io/../sysdeps/unix/sysv/linux/open64_nocancel.c
fn=__fcntl64_nocancel_adjusted
28 4 1 1 0 0 0 12 0 0
fn=__open64_nocancel
28 16 0 0 4 0 0 4 0 0
31 24 0 0 0 0 0 0 0 0
39 29 1 1 1 1 0 1 0 0
41 16 0 0 4 0 0 0 0 0
fl=./io/../sysdeps/unix/sysv/linux/read.c
fn=ppoll
25 225 2 1 0 0 0 450 0 0
fn=read
25 225 0 0 0 0 0 0 0 0
26 1125 0 0 0 0 0 675 0 0
27 450 1 1 450 0 0 0 0 0
fl=./io/../sysdeps/unix/sysv/linux/read_nocancel.c
fn=__pread64_nocancel
26 2 1 1 0 0 0 0 0 0
fn=__read_nocancel
25 2 0 0 0 0 0 2 0 0
26 6 1 1 0 0 0 0 0 0
27 2 0 0 2 0 0 0 0 0
fl=./io/../sysdeps/unix/sysv/linux/stat64.c
fn=__openat64
28 1 1 1 0 0 0 0 0 0
fn=__stat64_time64
29 4 0 0 0 0 0 0 0 0
fl=./io/../sysdeps/unix/sysv/linux/write.c
fn=utimensat
25 572 2 2 0 0 0 1144 0 0
fn=write
25 572 0 0 0 0 0 0 0 0
26 2860 0 0 0 0 0 1716 93 1
27 1144 0 0 1144 0 0 0 0 0
fl=./libio/../include/printf_buffer.h
fn=__vsnprintf_internal
124 8 0 0 0 0 0 16 0 0
126 8 0 0 0 0 0 8 0 0
127 16 0 0 8 0 0 8 0 0
128 16 0 0 0 0 0 8 0 0
137 8 0 0 0 0 0 0 0 0
fl=./libio/../include/sys/sysmacros.h
fn=_IO_file_doallocate
47 3 0 0 0 0 0 0 0 0
fl=./libio/filedoalloc.c
fn=???
78 9 3 2 9 5 3 0 0 0
fn=_IO_file_doallocate
68 5 1 1 3 0 0 0 0 0
69 2 0 0 1 0 0 0 0 0
70 4 0 0 2 0 0 1 0 0
78 99 0 0 36 2 2 45 0 0
84 90 0 0 27 0 0 0 0 0
86 36 0 0 9 0 0 0 0 0
89 2 0 0 0 0 0 0 0 0
91 4 1 1 2 0 0 0 0 0
94 3 0 0 1 0 0 1 0 0
97 46 0 0 9 0 0 0 0 0
101 18 0 0 0 0 0 0 0 0
102 18 0 0 0 0 0 0 0 0
104 36 0 0 0 0 0 0 0 0
105 9 0 0 0 0 0 0 0 0
106 81 3 2 72 0 0 0 0 0
fl=./libio/fileops.c
fn=???
435 572 2 2 572 0 0 0 0 0
1149 9 1 1 9 0 0 0 0 0
1169 8 0 0 8 0 0 0 0 0
1175 572 1 1 0 0 0 3432 3 1
fn=_IO_do_write@@GLIBC_2.4
427 3435 1 1 0 0 0 0 0 0
428 573 1 1 1146 0 0 0 0 0
467 225 0 0 225 0 0 0 0 0
fn=_IO_file_attach@@GLIBC_2.4
383 1 1 1 0 0 0 2 0 0
fn=_IO_file_close
1169 8 0 0 0 0 0 0 0 0
fn=_IO_file_close_it@@GLIBC_2.4
131 24 0 0 8 0 0 0 0 0
134 16 0 0 0 0 0 0 0 0
135 32 0 0 8 0 0 0 0 0
136 56 2 2 21 0 0 0 0 0
138 16 0 0 0 0 0 0 0 0
140 16 0 0 0 0 0 0 0 0
142 8 0 0 8 0 0 0 0 0
143 72 0 0 16 0 0 0 0 0
146 24 0 0 8 0 0 0 0 0
154 40 2 2 0 0 0 0 0 0
155 24 0 0 0 0 0 24 0 0
156 16 0 0 0 0 0 24 0 0
158 16 0 0 0 0 0 0 0 0
159 24 0 0 0 0 0 8 0 0
160 16 0 0 0 0 0 8 0 0
161 24 0 0 0 0 0 16 0 0
163 24 0 0 0 0 0 0 0 0
164 16 0 0 32 0 0 0 0 0
169 8 0 0 0 0 0 32 0 0
fn=_IO_file_finish@@GLIBC_2.4
169 8 0 0 0 0 0 0 0 0
170 24 0 0 8 0 0 0 0 0
176 24 2 2 0 0 0 0 0 0
177 8 0 0 32 0 0 0 0 0
183 8 4 3 0 0 0 32 0 0
fn=_IO_file_fopen@@GLIBC_2.4
214 88 0 0 40 3 3 8 0 0
215 2 0 0 0 0 0 0 0 0
223 24 0 0 8 0 0 0 0 0
225 66 2 2 8 3 3 0 0 0
228 1 1 1 0 0 0 0 0 0
229 1 0 0 0 0 0 0 0 0
238 8 0 0 0 0 0 0 0 0
246 24 4 4 0 0 0 0 0 0
248 176 4 4 24 4 1 0 0 0
282 40 0 0 0 0 0 16 0 0
285 24 0 0 0 0 0 0 0 0
288 32 0 0 8 0 0 0 0 0
289 16 0 0 0 0 0 0 0 0
358 80 0 0 88 0 0 0 0 0
fn=_IO_file_init@@GLIBC_2.4
129 8 2 2 0 0 0 32 0 0
fn=_IO_file_open
183 48 0 0 8 0 0 0 0 0
185 24 0 0 8 0 0 0 0 0
186 8 0 0 0 0 0 0 0 0
187 24 0 0 8 0 0 0 0 0
189 16 0 0 0 0 0 0 0 0
190 16 0 0 0 0 0 0 0 0
192 8 4 3 0 0 0 8 0 0
193 56 0 0 8 0 0 8 0 0
196 24 0 0 0 0 0 0 0 0
206 16 2 2 0 0 0 0 0 0
207 8 0 0 0 0 0 0 0 0
208 16 0 0 32 0 0 0 0 0
214 8 2 2 0 0 0 56 0 0
fn=_IO_file_overflow@@GLIBC_2.4
733 1304 0 0 0 0 0 2608 0 0
734 1304 0 0 0 0 0 0 0 0
741 3252 2 1 652 0 0 0 0 0
744 16 0 0 0 0 0 0 0 0
746 16 2 2 0 0 0 0 0 0
747 32 0 0 8 0 0 24 0 0
756 24 0 0 8 0 0 0 0 0
765 16 0 0 8 0 0 0 0 0
766 40 0 0 0 0 0 0 0 0
767 8 0 0 0 0 0 16 0 0
768 8 0 0 0 0 0 8 0 0
770 24 0 0 8 0 0 16 0 0
772 16 1 1 0 0 0 8 0 0
773 40 4 3 8 0 0 0 0 0
774 24 0 0 0 0 0 1 0 0
776 1304 1 0 0 0 0 0 0 0
777 32 0 0 8 0 0 0 0 0
778 644 0 0 644 0 0 0 0 0
779 1932 0 0 644 0 0 0 0 0
780 5004 0 0 1112 0 0 0 0 0
782 3044 0 0 556 0 0 1288 242 2
783 1932 0 0 644 0 0 0 0 0
784 3220 0 0 0 0 0 0 0 0
785 10 0 0 0 0 0 0 0 0
786 2 0 0 4 0 0 0 0 0
788 644 0 0 0 0 0 0 0 0
789 652 0 0 2608 0 0 0 0 0
799 1 1 1 2 0 0 0 0 0
fn=_IO_file_read
1135 675 0 0 0 0 0 0 0 0
fn=_IO_file_seekoff_maybe_mmap
1134 225 1 1 450 0 0 0 0 0
fn=_IO_file_setbuf@@GLIBC_2.4
383 1 0 0 0 0 0 0 0 0
384 2 0 0 0 0 0 0 0 0
387 1 0 0 0 0 0 2 0 0
388 1 0 0 1 0 0 0 0 0
389 2 0 0 0 0 0 4 0 0
391 1 0 0 0 0 0 0 0 0
392 1 0 0 2 0 0 0 0 0
fn=_IO_file_setbuf_mmap
425 573 1 1 0 0 0 1146 0 0
fn=_IO_file_stat
1149 9 0 0 0 0 0 0 0 0
fn=_IO_file_sync@@GLIBC_2.4
794 3 0 0 0 0 0 3 0 0
799 2 0 0 0 0 0 0 0 0
801 1 1 1 2 0 0 0 0 0
802 2 0 0 0 0 0 0 0 0
813 4 1 1 0 0 0 2 0 0
817 2 0 0 3 0 0 0 0 0
fn=_IO_file_underflow@@GLIBC_2.4
463 900 0 0 225 151 1 1125 224 0
467 450 0 0 0 0 0 0 0 0
470 675 0 0 0 0 0 0 0 0
476 675 0 0 450 0 0 0 0 0
477 450 0 0 0 0 0 0 0 0
479 675 0 0 225 0 0 0 0 0
482 2 1 1 1 0 0 0 0 0
487 2 1 1 0 0 0 0 0 0
491 677 1 1 1 0 0 0 0 0
507 450 0 0 0 0 0 0 0 0
513 450 0 0 225 0 0 225 0 0
514 225 0 0 0 0 0 450 0 0
515 450 0 0 0 0 0 675 0 0
518 1350 0 0 675 150 0 0 0 0
520 450 0 0 0 0 0 0 0 0
527 675 2 1 225 0 0 225 0 0
536 1125 0 0 450 0 0 0 0 0
538 450 0 0 450 149 0 0 0 0
539 450 0 0 1125 0 0 0 0 0
fn=_IO_file_underflow_maybe_mmap
734 652 3 2 652 0 0 0 0 0
fn=_IO_file_write@@GLIBC_2.4
1175 572 0 0 0 0 0 0 0 0
1176 1144 0 0 0 0 0 0 0 0
1177 2860 6 3 0 0 0 0 0 0
1181 572 0 0 1144 0 0 0 0 0
1182 2860 0 0 0 0 0 0 0 0
1183 1144 0 0 0 0 0 0 0 0
1188 572 0 0 0 0 0 0 0 0
1189 572 0 0 0 0 0 0 0 0
1191 1144 3 1 0 0 0 0 0 0
1192 1716 0 0 1144 0 0 0 0 0
1195 572 0 0 3432 0 0 0 0 0
1199 9 3 2 0 0 0 54 0 0
fn=_IO_file_xsputn@@GLIBC_2.4
1199 9 0 0 0 0 0 0 0 0
1201 1 1 1 0 0 0 0 0 0
1205 27 0 0 0 0 0 0 0 0
1206 7 0 0 0 0 0 0 0 0
1212 54 0 0 9 0 0 0 0 0
1214 25 1 1 17 0 0 0 0 0
1215 16 0 0 0 0 0 0 0 0
1218 84 0 0 0 0 0 0 0 0
1220 99 0 0 33 0 0 0 0 0
1222 7 0 0 0 0 0 0 0 0
1229 3 0 0 1 0 0 0 0 0
1230 1 0 0 0 0 0 0 0 0
1233 14 0 0 0 0 0 0 0 0
1235 32 0 0 0 0 0 0 0 0
1237 32 0 0 0 0 0 8 0 0
1238 8 0 0 0 0 0 0 0 0
1239 8 0 0 0 0 0 0 0 0
1241 16 0 0 0 0 0 0 0 0
1245 56 0 0 16 0 0 0 0 0
1248 1 0 0 0 0 0 0 0 0
1251 16 0 0 16 0 0 0 0 0
1252 32 4 3 0 0 0 0 0 0
1254 16 0 0 0 0 0 0 0 0
1265 16 0 0 0 0 0 0 0 0
1266 4 0 0 0 0 0 0 0 0
1268 3 0 0 0 0 0 0 0 0
1269 18 1 1 54 0 0 0 0 0
fn=_IO_new_file_init_internal
107 16 0 0 0 0 0 16 0 0
111 16 0 0 8 3 1 8 0 0
112 24 0 0 0 0 0 8 0 0
114 8 0 0 0 0 0 0 0 0
115 16 0 0 0 0 0 8 0 0
116 8 0 0 16 0 0 0 0 0
fn=decide_maybe_mmap
112 8 2 2 8 0 0 0 0 0
fn=new_do_write
433 2860 0 0 0 0 0 2860 93 1
435 1144 0 0 0 0 0 0 0 0
442 2288 3 2 1144 0 0 0 0 0
450 4004 0 0 1144 94 2 0 0 0
451 2860 0 0 572 0 0 0 0 0
453 1716 0 0 572 0 0 2288 0 0
454 572 0 0 0 0 0 572 0 0
455 572 0 0 0 0 0 572 0 0
456 2851 2 2 572 0 0 0 0 0
457 2279 0 0 1135 0 0 0 0 0
459 1716 0 0 2860 0 0 0 0 0
fl=./libio/fputc.c
fn=fileno
35 2304000 2 2 2304000 1652 2 0 0 0
fn=fputc
32 9216000 0 0 0 0 0 9216000 0 0
35 4608000 2 2 0 0 0 0 0 0
36 18433126 2 2 4608000 9152 2 4606874 38483 441
41 6911437 2 2 9216000 0 0 0 0 0
fl=./libio/genops.c
fn=???
66 8 2 2 0 0 0 32 1 0
109 16 2 2 16 3 3 0 0 0
190 225 1 1 0 0 0 900 0 0
387 225 1 0 0 0 0 900 0 0
478 1 1 1 0 0 0 6 0 0
712 1 1 1 0 0 0 8 0 0
fn=_IO_cleanup
214 0 0 0 0 0 0 0 0 0
218 1 0 0 0 0 0 0 0 0
802 7 1 1 1 0 0 2 0 0
803 14 1 1 4 0 0 2 0 0
806 14 1 1 5 1 1 0 0 0
810 5 1 1 1 0 0 3 0 0
811 41 0 0 13 0 0 6 0 0
819 6 1 1 3 0 0 0 0 0
821 9 1 1 3 0 0 0 0 0
824 9 0 0 3 0 0 0 0 0
826 6 0 0 2 0 0 0 0 0
828 6 1 1 2 0 0 0 0 0
830 2 0 0 0 0 0 1 0 0
832 2 0 0 1 0 0 1 0 0
833 1 0 0 0 0 0 1 0 0
834 2 0 0 1 0 0 1 0 0
837 6 1 1 2 0 0 0 0 0
839 3 0 0 1 0 0 0 0 0
846 6 0 0 0 0 0 3 0 0
848 41 0 0 13 0 0 6 0 0
849 9 0 0 3 0 0 3 0 0
853 13 0 0 4 0 0 2 0 0
854 2 0 0 0 0 0 0 0 0
874 10 0 0 4 0 0 9 0 0
875 2 0 0 0 0 0 0 0 0
887 10 0 0 12 0 0 0 0 0
fn=_IO_default_finish
68 24 0 0 8 0 0 0 0 0
627 8 0 0 0 0 0 0 0 0
629 16 0 0 8 0 0 0 0 0
635 16 0 0 8 0 0 0 0 0
636 0 0 0 0 0 0 0 0 0
638 16 2 2 8 0 0 0 0 0
650 8 0 0 32 0 0 0 0 0
fn=_IO_default_setbuf
356 5 0 0 1 0 0 0 0 0
359 1 0 0 0 0 0 2 0 0
363 2 0 0 0 0 0 1 0 0
478 3 0 0 0 0 0 0 0 0
479 6 1 1 2 0 0 0 0 0
481 4 0 0 0 0 0 0 0 0
483 4 1 0 1 0 0 1 0 0
484 1 0 0 0 0 0 0 0 0
491 3 0 0 0 0 0 3 0 0
492 2 0 0 0 0 0 3 0 0
493 1 0 0 0 0 0 0 0 0
494 1 0 0 6 0 0 0 0 0
fn=_IO_default_sync
627 8 2 2 0 0 0 32 0 0
fn=_IO_default_uflow
387 225 0 0 0 0 0 0 0 0
388 900 0 0 450 0 0 0 0 0
389 225 0 0 0 0 0 0 0 0
391 1125 0 0 450 0 0 225 0 0
392 225 0 0 900 0 0 0 0 0
397 1 1 1 0 0 0 8 0 0
fn=_IO_default_xsputn
399 1 0 0 0 0 0 0 0 0
400 2 0 0 0 0 0 0 0 0
405 323 0 0 162 0 0 0 0 0
425 722 0 0 240 0 0 0 0 0
427 80 1 0 0 0 0 0 0 0
430 2 0 0 8 0 0 0 0 0
fn=_IO_doallocbuf
369 18 0 0 0 0 0 36 0 0
370 9 0 0 0 0 0 0 0 0
372 27 0 0 9 0 0 0 0 0
373 54 0 0 18 1 0 0 0 0
376 9 3 0 36 0 0 0 0 0
fn=_IO_enable_locks
560 8 4 3 8 3 1 0 0 0
fn=_IO_flush_all
712 10 1 1 5 0 0 1 0 0
713 2 0 0 0 0 0 0 0 0
717 7 0 0 1 1 1 2 0 0
718 14 0 0 4 1 1 2 0 0
721 14 1 1 5 0 0 0 0 0
723 5 1 1 1 0 0 3 0 0
724 41 0 0 13 3 3 6 0 0
726 18 3 3 9 1 1 0 0 0
734 42 1 1 15 0 0 6 0 0
735 12 0 0 3 0 0 3 0 0
739 13 0 0 4 0 0 2 0 0
740 2 0 0 0 0 0 0 0 0
744 10 0 0 12 0 0 0 0 0
fn=_IO_free_backup_area
227 564 1 1 564 336 2 0 0 0
fn=_IO_link_in
109 160 2 2 64 0 0 80 0 0
110 48 0 0 16 0 0 0 0 0
112 24 0 0 0 0 0 8 0 0
114 48 2 2 8 0 0 16 0 0
115 112 0 0 32 0 0 16 0 0
116 8 0 0 0 0 0 8 0 0
117 80 4 4 24 0 0 16 0 0
119 32 0 0 16 4 4 8 0 0
122 8 0 0 0 0 0 8 0 0
123 8 0 0 0 0 0 0 0 0
124 16 0 0 0 0 0 8 1 1
126 8 0 0 0 0 0 8 0 0
128 64 4 3 8 0 0 16 0 0
129 24 2 2 8 0 0 8 0 0
130 64 0 0 16 0 0 16 0 0
131 16 0 0 0 0 0 0 0 0
134 152 0 0 128 0 0 0 0 0
fn=_IO_no_init
589 24 0 0 0 0 0 0 0 0
590 8 0 0 0 0 0 0 0 0
591 8 0 0 0 0 0 8 0 0
592 16 0 0 0 0 0 0 0 0
594 8 0 0 0 0 0 8 0 0
595 8 0 0 0 0 0 0 0 0
596 8 0 0 0 0 0 16 0 0
597 8 0 0 0 0 0 8 0 0
599 8 0 0 0 0 0 16 0 0
601 8 0 0 0 0 0 16 0 0
602 8 0 0 0 0 0 8 0 0
603 8 0 0 0 0 0 16 0 0
605 8 2 2 0 0 0 8 0 0
607 16 0 0 8 0 0 8 3 3
612 24 0 0 0 0 0 0 0 0
613 16 0 0 0 0 0 8 0 0
614 8 0 0 32 0 0 0 0 0
fn=_IO_old_init
558 32 4 3 0 0 0 8 0 0
560 40 0 0 8 2 2 0 0 0
563 8 0 0 0 0 0 16 0 0
564 8 0 0 0 0 0 8 0 0
565 8 0 0 0 0 0 8 0 0
566 8 0 0 0 0 0 8 0 0
567 8 0 0 0 0 0 0 0 0
568 8 0 0 0 0 0 16 0 0
569 16 0 0 0 0 0 16 0 0
570 8 0 0 0 0 0 8 0 0
573 8 0 0 0 0 0 16 0 0
575 8 0 0 0 0 0 16 0 0
576 8 0 0 0 0 0 8 0 0
581 24 0 0 8 0 0 8 0 0
582 16 0 0 0 0 0 24 14 14
584 8 0 0 0 0 0 0 0 0
589 8 2 2 0 0 0 32 0 0
fn=_IO_seekmark
971 8 2 2 8 0 0 0 0 0
fn=_IO_setb
355 68 0 0 0 0 0 0 0 0
356 67 0 0 34 0 0 0 0 0
357 8 0 0 0 0 0 0 0 0
359 17 0 0 0 0 0 34 0 0
360 17 0 0 0 0 0 0 0 0
361 34 0 0 8 0 0 9 0 0
363 16 0 0 0 0 0 8 0 0
364 17 0 0 102 0 0 0 0 0
370 9 3 2 9 0 0 0 0 0
fn=_IO_switch_to_get_mode
190 225 0 0 0 0 0 0 0 0
191 675 0 0 450 0 0 0 0 0
194 675 1 1 225 0 0 0 0 0
198 450 0 0 225 0 0 225 0 0
199 450 0 0 225 0 0 0 0 0
200 450 0 0 0 0 0 0 0 0
202 225 0 0 0 0 0 225 0 0
204 450 0 0 0 0 0 450 0 0
206 450 0 0 0 0 0 225 0 0
207 225 0 0 0 0 0 0 0 0
208 225 1 1 900 0 0 0 0 0
fn=_IO_un_link
68 32 0 0 0 0 0 0 0 0
104 16 0 0 0 0 0 0 0 0
fn=_IO_unsave_markers
214 0 0 0 0 0 0 0 0 0
969 16 0 0 0 0 0 16 0 0
971 8 0 0 0 0 0 0 0 0
973 0 0 0 0 0 0 0 0 0
976 16 0 0 8 0 0 0 0 0
978 8 0 0 16 0 0 0 0 0
fn=__GI__IO_un_link.part.0
66 88 0 0 40 6 4 8 0 0
68 16 0 0 16 0 0 0 0 0
72 56 2 2 8 3 3 16 0 0
73 120 2 2 32 5 3 16 0 0
74 24 2 2 8 0 0 8 0 0
75 120 4 4 40 9 9 16 1 0
77 40 0 0 16 6 6 0 0 0
81 8 0 0 8 0 0 0 0 0
82 8 2 2 8 0 0 0 0 0
83 8 0 0 0 0 0 8 0 0
84 8 0 0 0 0 0 0 0 0
85 8 0 0 0 0 0 8 7 4
96 24 0 0 8 0 0 8 0 0
98 96 2 2 32 0 0 16 0 0
99 24 0 0 8 0 0 8 0 0
100 72 0 0 16 0 0 16 0 0
101 16 0 0 0 0 0 0 0 0
104 72 0 0 64 0 0 0 0 0
fn=__libio_freemem
874 1 1 1 1 1 1 0 0 0
fn=__overflow
225 1128 2 2 0 0 0 1128 0 0
227 564 0 0 0 0 0 0 0 0
228 14 0 0 0 0 0 7 0 0
229 1692 0 0 1128 93 1 0 0 0
230 1128 0 0 1128 0 0 0 0 0
fn=__uflow
325 450 0 0 0 0 0 900 0 0
326 675 0 0 0 0 0 1 0 0
331 675 0 0 225 0 0 0 0 0
334 675 1 1 450 0 0 0 0 0
336 675 0 0 225 0 0 0 0 0
342 450 0 0 225 0 0 0 0 0
344 0 0 0 0 0 0 0 0 0
347 675 0 0 225 0 0 0 0 0
349 900 0 0 450 150 0 0 0 0
350 225 0 0 900 0 0 0 0 0
355 17 3 2 0 0 0 102 0 0
fn=__underflow
326 225 1 1 225 149 0 0 0 0
fl=./libio/getc.c
fn=fseek
34 921600 1 1 0 0 0 3686400 0 0
fn=getc
34 921600 0 0 0 0 0 0 0 0
37 2764800 0 0 921600 1 0 0 0 0
38 6451425 1 1 2764575 3946 63 921375 0 0
43 1842975 1 1 3686400 0 0 0 0 0
fl=./libio/iofclose.c
fn=_IO_file_doallocate
34 8 2 1 0 0 0 48 0 0
fn=fclose@@GLIBC_2.4
34 24 0 0 8 3 3 0 0 0
48 24 0 0 8 1 1 0 0 0
49 8 2 2 0 0 0 0 0 0
51 136 2 2 40 0 0 16 0 0
52 16 0 0 0 0 0 0 0 0
53 24 2 2 0 0 0 0 0 0
57 40 2 2 16 0 0 0 0 0
58 24 0 0 8 0 0 0 0 0
71 24 0 0 8 0 0 0 0 0
76 16 0 0 48 0 0 0 0 0
fl=./libio/iofopen.c
fn=__fopen_internal
37 24 2 2 8 0 0 0 0 0
57 32 0 0 0 0 0 0 0 0
65 16 0 0 0 0 0 0 0 0
67 16 2 2 0 0 0 0 0 0
70 16 0 0 0 0 0 8 7 7
72 80 0 0 8 3 3 8 0 0
73 16 0 0 0 0 0 8 0 0
74 16 0 0 0 0 0 0 0 0
75 48 0 0 0 0 0 0 0 0
81 24 0 0 56 0 0 0 0 0
fn=__fopen_maybe_mmap
57 8 4 3 0 0 0 56 0 0
fl=./libio/iofopen64.c
fn=fgetpos64@@GLIBC_2.4
37 8 2 2 0 0 0 0 0 0
fn=fopen64
37 8 0 0 0 0 0 0 0 0
fl=./libio/ioputs.c
fn=_IO_proc_close@@GLIBC_2.4
33 1 1 1 0 0 0 5 0 0
fn=puts
33 5 0 0 1 1 1 0 0 0
35 2 0 0 0 0 0 0 0 0
36 20 2 2 8 5 5 2 0 0
38 2 0 0 0 0 0 0 0 0
39 3 0 0 1 1 1 0 0 0
40 7 0 0 2 0 0 0 0 0
41 13 1 1 3 0 0 0 0 0
42 1 0 0 0 0 0 0 0 0
46 3 0 0 5 0 0 0 0 0
fl=./libio/libioP.h
fn=_IO_cleanup
1036 3 0 0 1 0 0 0 0 0
1037 2 0 0 0 0 0 0 0 0
fn=_IO_default_finish
1049 0 0 0 0 0 0 0 0 0
fn=_IO_default_setbuf
1036 3 0 0 1 1 1 0 0 0
1037 2 0 0 0 0 0 0 0 0
fn=_IO_default_uflow
1036 675 0 0 225 150 0 0 0 0
1037 450 0 0 0 0 0 0 0 0
fn=_IO_default_xsputn
1036 84 1 1 1 1 1 0 0 0
1037 160 0 0 0 0 0 0 0 0
fn=_IO_doallocbuf
1036 27 0 0 9 4 3 0 0 0
1037 18 0 0 0 0 0 0 0 0
fn=_IO_file_close_it@@GLIBC_2.4
1036 24 0 0 8 3 1 0 0 0
1037 16 2 2 0 0 0 0 0 0
fn=_IO_file_doallocate
1036 27 0 0 9 0 0 0 0 0
1037 18 4 3 0 0 0 0 0 0
fn=_IO_file_underflow@@GLIBC_2.4
1036 675 1 1 225 0 0 0 0 0
1037 450 0 0 0 0 0 0 0 0
1049 0 0 0 0 0 0 0 0 0
fn=_IO_file_xsputn@@GLIBC_2.4
1036 24 1 1 8 3 1 0 0 0
1037 16 0 0 0 0 0 0 0 0
1040 14 3 2 0 0 0 0 0 0
fn=_IO_flush_all
1036 2 0 0 1 0 0 0 0 0
fn=__overflow
1036 1692 0 0 564 170 1 0 0 0
1037 1128 0 0 0 0 0 0 0 0
fn=__uflow
1036 675 0 0 225 151 0 0 0 0
1037 450 0 0 0 0 0 0 0 0
fn=fclose@@GLIBC_2.4
962 32 2 2 32 6 6 0 0 0
963 96 0 0 16 3 3 0 0 0
969 16 0 0 0 0 0 0 0 0
990 40 0 0 8 0 0 0 0 0
991 80 0 0 32 3 3 16 0 0
1036 24 0 0 8 0 0 0 0 0
1037 16 0 0 0 0 0 0 0 0
fn=new_do_write
1036 1716 0 0 572 170 3 0 0 0
1037 1144 0 0 0 0 0 0 0 0
fn=puts
990 3 0 0 1 0 0 0 0 0
991 11 0 0 4 0 0 2 0 0
1036 3 1 1 1 0 0 0 0 0
1037 2 0 0 0 0 0 0 0 0
fl=./libio/stdfiles.c
fn=_IO_stdfiles_init
67 12 0 0 4 3 0 0 0 0
68 3 0 0 0 0 0 0 0 0
69 3 0 0 0 0 0 3 2 0
70 1 0 0 0 0 0 0 0 0
fn=check_stdfiles_vtables
67 1 1 0 1 0 0 0 0 0
fl=./libio/vsnprintf.c
fn=???
93 8 1 1 0 0 0 24 0 0
fn=__vsnprintf_internal
63 8 0 0 0 0 0 0 0 0
66 16 0 0 0 0 0 8 7 3
75 24 1 1 16 0 0 0 0 0
76 24 0 0 0 0 0 8 0 0
87 16 0 0 0 0 0 0 0 0
93 104 0 0 40 1 1 8 0 0
96 32 0 0 8 0 0 0 0 0
98 72 0 0 56 0 0 0 0 0
fl=./libio/vtables.c
fn=_init_first
545 1 1 0 1 1 1 0 0 0
fn=check_stdfiles_vtables
545 1 0 0 0 0 0 0 0 0
546 8 0 0 4 2 0 0 0 0
547 5 1 0 3 1 1 0 0 0
548 6 0 0 3 1 0 0 0 0
550 1 0 0 0 0 0 0 0 0
fl=./malloc/../include/random-bits.h
fn=ptmalloc_init.part.0
34 1 0 0 0 0 0 0 0 0
fl=./malloc/../string/bits/string_fortified.h
fn=tcache_init.part.0
59 4 0 0 0 0 0 0 0 0
fl=./malloc/../sysdeps/unix/sysv/linux/not-cancel.h
fn=ptmalloc_init.part.0
100 4 0 0 0 0 0 0 0 0
fl=./malloc/arena.c
fn=_int_free_create_chunk
262 1 1 1 0 0 0 3 0 0
fn=free
153 64 4 4 16 0 0 0 0 0
fn=malloc
153 26 0 0 0 0 0 0 0 0
264 1 1 1 0 0 0 0 0 0
fn=ptmalloc_init.part.0
262 10 1 1 5 1 1 1 0 0
267 4 0 0 1 0 0 1 0 0
292 4 1 1 2 0 0 0 0 0
293 0 0 0 0 0 0 0 0 0
296 10 0 0 3 0 0 1 0 0
300 5 0 0 1 1 1 0 0 0
301 5 0 0 1 0 0 0 0 0
302 5 0 0 1 0 0 0 0 0
303 5 0 0 1 0 0 0 0 0
304 5 1 1 1 0 0 0 0 0
305 5 0 0 1 0 0 0 0 0
306 5 0 0 1 0 0 0 0 0
308 5 0 0 1 0 0 0 0 0
309 5 0 0 1 0 0 0 0 0
310 5 1 1 1 0 0 0 0 0
313 5 0 0 1 0 0 0 0 0
314 5 0 0 1 0 0 0 0 0
316 4 0 0 2 1 1 0 0 0
326 9 0 0 7 0 0 0 0 0
fl=./malloc/malloc.c
fn=__malloc_fork_unlock_child
3385 17 2 2 0 0 0 102 0 0
fn=_int_free_chunk
1794 16 0 0 8 3 3 0 0 0
1796 8 0 0 8 3 2 0 0 0
2534 1 1 1 0 0 0 9 0 0
4574 32 0 0 0 0 0 0 0 0
4582 16 0 0 0 0 0 0 0 0
4658 24 2 2 8 0 0 0 0 0
4661 32 0 0 16 0 0 0 0 0
4664 0 0 0 0 0 0 0 0 0
4665 0 0 0 0 0 0 0 0 0
4667 32 2 2 0 0 0 0 0 0
4679 8 0 0 48 0 0 0 0 0
fn=_int_free_create_chunk
4755 32 0 0 8 0 0 0 0 0
4756 24 0 0 8 0 0 0 0 0
4813 8 2 2 0 0 0 0 0 0
4814 16 0 0 0 0 0 8 0 0
4815 8 0 0 0 0 0 8 0 0
4820 8 0 0 48 0 0 0 0 0
fn=_int_free_maybe_consolidate.part.0
4707 8 2 2 0 0 0 48 0 0
4826 104 4 4 40 0 0 80 0 0
4835 24 0 0 8 0 0 0 0 0
4838 32 0 0 8 3 3 0 0 0
4841 64 2 2 32 3 3 0 0 0
4855 72 0 0 104 0 0 0 0 0
fn=_int_free_merge_chunk
1994 40 0 0 16 6 3 0 0 0
4574 8 2 2 0 0 0 48 0 0
4707 8 0 0 0 0 0 0 0 0
4708 8 0 0 0 0 0 0 0 0
4712 24 0 0 8 3 2 0 0 0
4715 64 2 2 8 0 0 0 0 0
4717 24 4 4 8 1 0 0 0 0
4720 24 0 0 8 0 0 0 0 0
4723 8 0 0 0 0 0 0 0 0
4724 16 0 0 0 0 0 0 0 0
4725 24 0 0 8 3 2 0 0 0
4731 24 0 0 8 0 0 0 0 0
4742 48 0 0 0 0 0 8 0 0
4744 32 0 0 48 0 0 0 0 0
4833 16 0 0 0 0 0 0 0 0
fn=_int_malloc
1328 28 0 0 0 0 0 0 0 0
1347 70 0 0 0 0 0 0 0 0
1794 28 0 0 14 4 3 0 0 0
1796 14 0 0 14 0 0 0 0 0
3307 1 1 1 0 0 0 4 0 0
3904 14 0 0 0 0 0 0 0 0
3945 28 0 0 0 0 0 0 0 0
3972 28 0 0 0 0 0 0 0 0
3992 42 3 2 0 0 0 0 0 0
4035 28 2 2 0 0 0 0 0 0
4037 15 1 1 0 0 0 0 0 0
4038 10 3 1 0 0 0 0 0 0
4040 15 0 0 5 1 0 0 0 0
4097 90 1 1 0 0 0 0 0 0
4098 27 0 0 9 2 2 0 0 0
4116 67 1 1 0 0 0 14 0 0
4117 42 1 1 0 0 0 14 0 0
4118 137 2 2 68 4 3 0 0 0
4128 70 0 0 14 3 2 0 0 0
4315 56 2 2 0 0 0 0 0 0
4317 36 0 0 0 0 0 0 0 0
4320 27 0 0 9 3 2 0 0 0
4388 14 0 0 0 0 0 0 0 0
4389 28 0 0 0 0 0 0 0 0
4390 14 0 0 0 0 0 0 0 0
4391 28 0 0 14 2 2 0 0 0
4392 56 2 2 0 0 0 0 0 0
4397 56 0 0 0 0 0 0 0 0
4401 72 0 0 0 0 0 0 0 0
4404 20 0 0 10 0 0 0 0 0
4501 14 0 0 14 0 0 0 0 0
4502 28 0 0 14 2 1 0 0 0
4504 42 0 0 14 0 0 0 0 0
4507 42 5 3 0 0 0 0 0 0
4509 26 0 0 0 0 0 0 0 0
4510 13 0 0 0 0 0 0 0 0
4511 13 0 0 0 0 0 13 0 0
4512 104 4 3 13 4 3 13 0 0
4514 26 0 0 0 0 0 13 12 12
4517 13 0 0 0 0 0 0 0 0
4518 39 0 0 0 0 0 0 0 0
4519 13 0 0 0 0 0 0 0 0
4524 3 0 0 1 0 0 0 0 0
4539 3 1 1 0 0 0 0 0 0
4540 3 0 0 0 0 0 0 0 0
4541 3 0 0 0 0 0 0 0 0
4545 42 3 0 126 0 0 0 0 0
fn=_mid_memalign.isra.0
3441 16 2 2 0 0 0 0 0 0
fn=alloc_perturb
1987 42 0 0 14 3 3 0 0 0
1989 14 0 0 0 0 0 0 0 0
fn=free
3165 16 0 0 0 0 0 8 0 0
3167 24 0 0 8 3 3 8 0 0
3168 8 0 0 0 0 0 8 0 0
3169 16 0 0 0 0 0 8 0 0
3252 32 0 0 0 0 0 0 0 0
3253 176 3 3 80 3 2 0 0 0
3262 48 0 0 24 0 0 0 0 0
3265 48 0 0 24 3 3 0 0 0
3271 8 0 0 0 0 0 0 0 0
3437 32 0 0 0 0 0 128 0 0
3441 16 0 0 0 0 0 0 0 0
3449 80 0 0 48 6 5 0 0 0
3451 16 0 0 0 0 0 0 0 0
3453 48 0 0 16 5 1 0 0 0
3470 112 0 0 48 3 2 0 0 0
3479 64 0 0 32 0 0 16 0 0
3480 32 0 0 128 0 0 0 0 0
4558 48 0 0 0 0 0 0 0 0
4559 32 0 0 0 0 0 0 0 0
4563 32 0 0 0 0 0 0 0 0
4690 16 0 0 0 0 0 0 0 0
4699 40 2 2 0 0 0 0 0 0
fn=int_mallinfo
1987 14 2 2 14 4 3 0 0 0
fn=malloc
1328 34 0 0 0 0 0 0 0 0
1347 68 2 2 0 0 0 0 0 0
3180 8 0 0 4 1 1 0 0 0
3184 8 0 0 0 0 0 0 0 0
3188 12 0 0 4 1 1 4 0 0
3192 8 0 0 0 0 0 4 0 0
3193 4 1 1 0 0 0 4 0 0
3215 85 0 0 34 6 5 0 0 0
3217 16 0 0 8 2 1 0 0 0
3313 3 1 1 1 0 0 0 0 0
3359 68 0 0 0 0 0 0 0 0
3361 119 0 0 51 1 1 0 0 0
3385 17 0 0 0 0 0 0 0 0
3392 85 0 0 34 8 6 0 0 0
3404 65 1 0 26 1 0 0 0 0
3406 52 4 3 13 0 0 0 0 0
3407 78 0 0 13 0 0 0 0 0
3432 34 0 0 102 0 0 0 0 0
fn=malloc_consolidate
4755 8 2 2 0 0 0 48 0 0
fn=ptmalloc_init.part.0
1948 254 0 0 0 0 0 0 0 0
1950 127 0 0 0 0 0 0 0 0
1951 254 0 0 0 0 0 254 16 16
1959 4 0 0 1 0 0 1 0 0
1960 4 1 1 1 0 0 1 1 0
1962 2 0 0 0 0 0 1 0 0
3145 2 0 0 0 0 0 0 0 0
fn=sysmalloc
2010 12 0 0 4 1 1 0 0 0
2534 13 1 1 6 1 1 1 0 0
2554 4 0 0 3 0 0 1 0 0
2555 1 0 0 0 0 0 0 0 0
2565 3 0 0 0 0 0 0 0 0
2566 5 0 0 2 0 0 0 0 0
2590 2 0 0 1 0 0 0 0 0
2591 2 0 0 1 0 0 0 0 0
2592 1 0 0 0 0 0 0 0 0
2601 6 1 1 0 0 0 0 0 0
2610 4 0 0 1 0 0 0 0 0
2671 5 0 0 2 0 0 0 0 0
2679 2 1 1 1 0 0 0 0 0
2680 2 0 0 0 0 0 0 0 0
2693 5 1 1 2 0 0 0 0 0
2701 5 0 0 1 0 0 0 0 0
2709 3 0 0 0 0 0 1 0 0
2711 2 1 1 0 0 0 0 0 0
2712 3 0 0 0 0 0 0 0 0
2746 5 1 1 2 1 1 0 0 0
2747 2 1 1 0 0 0 1 0 0
2748 5 0 0 2 0 0 1 0 0
2754 2 0 0 0 0 0 0 0 0
2757 9 2 2 2 1 0 0 0 0
2784 1 1 1 1 0 0 0 0 0
2785 2 0 0 0 0 0 1 0 0
2791 1 0 0 0 0 0 0 0 0
2792 0 0 0 0 0 0 0 0 0
2797 1 0 0 0 0 0 0 0 0
2807 1 0 0 0 0 0 0 0 0
2808 3 0 0 0 0 0 0 0 0
2816 2 0 0 0 0 0 0 0 0
2819 2 0 0 0 0 0 0 0 0
2820 7 1 1 1 0 0 0 0 0
2822 2 0 0 0 0 0 0 0 0
2823 4 0 0 0 0 0 2 0 0
2835 5 0 0 2 0 0 1 0 0
2877 3 0 0 1 0 0 1 0 0
2878 5 0 0 1 0 0 1 1 1
2879 3 0 0 1 0 0 1 0 0
2890 2 1 1 0 0 0 0 0 0
2923 2 1 1 1 0 0 0 0 0
2924 2 0 0 0 0 0 1 0 0
2929 2 0 0 1 0 0 0 0 0
2932 2 0 0 0 0 0 0 0 0
2934 1 0 0 0 0 0 0 0 0
2935 1 0 0 0 0 0 0 0 0
2936 1 0 0 0 0 0 1 0 0
2937 8 1 1 1 0 0 1 0 0
2938 2 0 0 0 0 0 1 1 1
2940 1 0 0 0 0 0 0 0 0
2946 9 0 0 13 0 0 0 0 0
3263 4 1 1 0 0 0 1 0 0
3904 14 2 2 0 0 0 126 0 0
fn=systrim.constprop.0
4826 8 2 2 8 3 3 0 0 0
fn=tcache_init.part.0
3316 28 1 1 6 1 1 3 0 0
3317 3 0 0 0 0 0 0 0 0
3318 2 0 0 0 0 0 0 0 0
3326 8 0 0 1 0 0 1 0 0
3335 4 1 1 2 1 1 1 0 0
3339 1 0 0 4 0 0 0 0 0
fl=./malloc/morecore.c
fn=__glibc_morecore
26 8 0 0 4 1 0 0 0 0
29 2 0 0 0 0 0 0 0 0
30 4 0 0 0 0 0 0 0 0
34 2 0 0 4 0 0 0 0 0
fn=sysmalloc_mmap.isra.0
25 2 1 1 0 0 0 4 0 0
fl=./malloc/scratch_buffer_set_array_size.c
fn=__libc_scratch_buffer_set_array_size
30 4 0 0 0 0 0 0 0 0
31 2 0 0 0 0 0 0 0 0
34 4 0 0 0 0 0 0 0 0
35 8 1 1 0 0 0 0 0 0
45 6 0 0 2 0 0 0 0 0
46 2 0 0 0 0 0 0 0 0
63 2 0 0 8 0 0 0 0 0
fn=__write_nocancel
30 2 1 1 0 0 0 8 1 0
fl=./misc/../sysdeps/unix/syscall-template.S
fn=???
120 5 1 1 0 0 0 5 0 0
fn=mmap
120 6 1 0 0 0 0 6 0 0
fn=mprotect
120 24 0 0 6 0 0 0 0 0
122 12 0 0 0 0 0 0 0 0
fn=munmap
120 20 0 0 5 0 0 0 0 0
122 10 1 0 0 0 0 0 0 0
fl=./misc/../sysdeps/unix/sysv/linux/brk.c
fn=__atomic_wide_counter_load_relaxed
36 2 1 1 2 1 1 0 0 0
fn=brk
36 6 0 0 0 0 0 2 0 0
37 6 1 0 4 0 0 2 0 0
38 4 0 0 0 0 0 0 0 0
44 4 0 0 0 0 0 0 0 0
45 2 0 0 2 0 0 0 0 0
fl=./misc/../sysdeps/unix/sysv/linux/brk_call.h
fn=brk
24 4 0 0 0 0 0 0 0 0
fl=./misc/../sysdeps/unix/sysv/linux/mmap.c
fn=__atomic_wide_counter_load_relaxed
35 9 1 1 0 0 0 27 0 0
fn=mmap
35 9 0 0 9 0 0 0 0 0
38 18 1 1 0 0 0 0 0 0
42 63 0 0 9 0 0 0 0 0
48 9 0 0 27 0 0 0 0 0
fl=./misc/../sysdeps/unix/sysv/linux/setvmaname.c
fn=???
35 1 1 1 1 1 1 0 0 0
fn=__set_vma_name
33 5 0 0 0 0 0 4 0 0
35 3 0 0 1 0 0 0 0 0
40 6 0 0 1 0 0 0 0 0
42 0 0 0 0 0 0 0 0 0
47 4 1 0 1 0 0 1 0 0
49 2 0 0 4 0 0 0 0 0
fl=./misc/init-misc.c
fn=???
30 1 1 1 0 0 0 4 0 0
fn=__init_misc
30 2 0 0 1 1 1 0 0 0
31 4 0 0 1 0 0 0 0 0
33 3 1 0 0 0 0 0 0 0
34 1 0 0 0 0 0 0 0 0
37 2 0 0 1 0 0 0 0 0
38 6 0 0 4 0 0 2 1 0
40 1 0 0 4 0 0 0 0 0
fl=./misc/sbrk.c
fn=revoke
43 2 1 1 2 1 1 0 0 0
fn=sbrk
37 8 0 0 2 0 0 8 0 0
40 6 1 1 6 0 0 0 0 0
43 6 0 0 2 0 0 0 0 0
45 0 0 0 0 0 0 0 0 0
58 2 0 0 0 0 0 0 0 0
59 4 1 0 0 0 0 0 0 0
62 4 0 0 0 0 0 0 0 0
63 2 0 0 1 0 0 0 0 0
66 3 0 0 0 0 0 0 0 0
74 3 0 0 0 0 0 0 0 0
78 4 0 0 8 0 0 0 0 0
fl=./nptl/alloca_cutoff.c
fn=__libc_alloca_cutoff
28 35 1 1 5 1 1 0 0 0
35 25 0 0 0 0 0 0 0 0
fn=__libc_dlerror_result_free
28 5 1 1 0 0 0 0 0 0
fl=./nptl/cancellation.c
fn=???
30 805 2 2 0 0 0 3220 151 0
fn=__internal_syscall_cancel
30 2415 0 0 0 0 0 0 0 0
32 805 0 0 0 0 0 0 0 0
37 1610 0 0 805 242 2 0 0 0
38 3220 2 2 1610 487 3 0 0 0
40 4025 0 0 2415 0 0 0 0 0
64 1610 0 0 3220 0 0 0 0 0
74 805 2 2 0 0 0 1610 2 1
fn=__syscall_cancel
74 805 0 0 0 0 0 0 0 0
75 5635 0 0 2415 0 0 2415 0 0
79 1610 0 0 0 0 0 0 0 0
80 1610 0 0 1610 0 0 0 0 0
fl=./nptl/libc-cleanup.c
fn=__futex_lock_pi64
25 18 2 2 0 0 0 0 0 0
fn=__libc_cleanup_pop_restore
55 18 0 0 0 0 0 0 0 0
57 54 0 0 18 0 0 18 0 0
59 36 0 0 18 0 0 0 0 0
60 36 0 0 18 0 0 0 0 0
61 0 0 0 0 0 0 0 0 0
74 18 3 2 36 0 0 0 0 0
fn=__libc_cleanup_push_defer
27 54 0 0 18 3 0 18 0 0
29 36 0 0 18 0 0 0 0 0
32 36 0 0 0 0 0 0 0 0
44 18 0 0 0 0 0 18 0 0
46 18 0 0 0 0 0 0 0 0
48 36 0 0 0 0 0 18 0 0
54 18 6 5 0 0 0 36 0 0
fl=./nptl/pthread_mutex_conf.c
fn=__pthread_tunables_init
55 10 1 0 4 0 0 3 0 0
56 5 0 0 1 0 0 0 0 0
58 5 0 0 1 0 0 0 0 0
60 5 0 0 1 0 0 0 0 0
62 9 0 0 6 0 0 0 0 0
fn=_dl_tunable_set_stack_hugetlb
55 1 1 1 1 1 1 0 0 0
fl=./nptl/pthread_mutex_lock.c
fn=__pthread_mutex_lock_full
77 1 1 1 0 0 0 4 1 1
fn=pthread_mutex_lock@@GLIBC_2.4
44 1 1 1 1 0 0 0 0 0
45 8 0 0 3 1 1 0 0 0
46 1 0 0 0 0 0 1 0 0
80 3 0 0 1 0 0 0 0 0
84 2 0 0 0 0 0 0 0 0
88 2 0 0 0 0 0 0 0 0
108 4 1 1 1 0 0 0 0 0
112 2 0 0 0 0 0 0 0 0
115 4 0 0 2 0 0 0 0 0
124 1 0 0 0 0 0 0 0 0
130 2 0 0 0 0 0 0 0 0
131 3 0 0 0 0 0 1 0 0
182 2 0 0 1 0 0 1 0 0
184 3 1 1 1 0 0 1 0 0
190 1 0 0 4 0 0 0 0 0
fl=./nptl/pthread_mutex_unlock.c
fn=__pthread_mutex_unlock_full
48 1 1 1 0 0 0 4 0 0
fn=__pthread_mutex_unlock_usercnt
39 1 0 0 1 0 0 0 0 0
40 6 0 0 2 1 0 0 0 0
41 2 0 0 0 0 0 1 0 0
43 0 0 0 0 0 0 0 0 0
51 3 0 0 1 0 0 0 0 0
52 2 0 0 0 0 0 0 0 0
57 3 0 0 0 0 0 0 0 0
62 2 0 0 0 0 0 1 0 0
63 1 0 0 0 0 0 0 0 0
65 4 0 0 1 0 0 1 0 0
72 1 0 0 0 0 0 0 0 0
74 2 1 1 0 0 0 0 0 0
80 4 1 1 1 0 0 0 0 0
84 6 0 0 2 0 0 0 0 0
87 6 1 1 1 0 0 1 0 0
104 1 0 0 4 0 0 0 0 0
368 1 1 1 0 0 0 0 0 0
fn=pthread_mutex_unlock@@GLIBC_2.4
368 1 0 0 0 0 0 0 0 0
fl=./posix/../malloc/dynarray-skeleton.c
fn=__unregister_atfork
243 6 0 0 4 1 1 0 0 0
fl=./posix/../sysdeps/unix/sysv/linux/_exit.c
fn=_Exit
27 1 0 0 0 0 0 1 0 0
30 1 0 0 0 0 0 0 0 0
fn=_Fork
30 1 1 1 0 0 0 0 0 0
fl=./posix/register-atfork.c
fn=__register_atfork
83 2 1 1 2 1 1 0 0 0
fn=__unregister_atfork
71 4 0 0 0 0 0 0 0 0
82 4 0 0 0 0 0 12 0 0
83 32 1 1 4 1 1 4 0 0
109 20 1 0 4 0 0 2 0 0
110 2 0 0 12 0 0 0 0 0
fl=./resource/../sysdeps/unix/sysv/linux/getrlimit.c
fn=getrlimit
36 1 0 0 0 0 0 1 0 0
37 3 0 0 0 0 0 0 0 0
38 1 0 0 1 0 0 0 0 0
fn=tcgetsid
37 1 1 1 0 0 0 0 0 0
fl=./setjmp/../sysdeps/arm/bsd-_setjmp.S
fn=???
26 1 1 1 0 0 0 0 0 0
fn=_setjmp
27 1 0 0 0 0 0 0 0 0
fl=./setjmp/../sysdeps/arm/setjmp.S
fn=???
28 4 2 2 3 1 1 0 0 0
fn=__sigsetjmp
28 14 0 0 6 1 1 0 0 0
30 4 0 0 0 0 0 0 0 0
38 4 0 0 0 0 0 0 0 0
39 4 0 0 0 0 0 0 0 0
40 4 0 0 0 0 0 4 2 2
41 4 0 0 0 0 0 0 0 0
42 4 0 0 0 0 0 4 0 0
48 4 1 0 0 0 0 32 0 0
57 9 0 0 6 1 0 0 0 0
62 9 1 1 3 1 0 0 0 0
79 4 0 0 0 0 0 32 2 2
83 4 0 0 0 0 0 0 0 0
84 4 0 0 0 0 0 0 0 0
98 4 0 0 0 0 0 0 0 0
fl=./setjmp/sigjmp.c
fn=???
28 1 0 0 0 0 0 2 0 0
fn=__sigjmp_save
28 1 0 0 0 0 0 0 0 0
29 1 0 0 0 0 0 1 0 0
30 1 0 0 0 0 0 0 0 0
34 2 0 0 2 0 0 0 0 0
fl=./stdio-common/../include/../locale/localeinfo.h
fn=__printf_fp_l_buffer
330 10 1 1 15 3 3 0 0 0
fl=./stdio-common/../include/printf_buffer.h
fn=__printf_buffer
163 44 0 0 0 0 0 0 0 0
fn=__printf_buffer_flush_to_file
127 8 2 2 8 3 3 0 0 0
fn=__printf_buffer_to_file_init
124 8 0 0 0 0 0 16 2 1
126 8 0 0 0 0 0 8 0 0
127 8 0 0 0 0 0 8 0 0
128 16 0 0 0 0 0 8 0 0
137 8 0 0 0 0 0 0 0 0
fn=__printf_fp_buffer_1.isra.0
163 50 0 0 0 0 0 0 0 0
fl=./stdio-common/../include/rounding-mode.h
fn=__printf_fp_buffer_1.isra.0
46 25 0 0 0 0 0 0 0 0
52 16 1 1 0 0 0 0 0 0
fl=./stdio-common/../libio/libioP.h
fn=__printf_buffer_flush_to_file
1036 24 0 0 8 3 1 0 0 0
1037 16 0 0 0 0 0 0 0 0
fl=./stdio-common/../string/bits/string_fortified.h
fn=__printf_buffer_write
29 183 0 0 0 0 0 0 0 0
fn=__printf_fp_buffer_1.isra.0
29 21 1 1 6 0 0 0 0 0
fl=./stdio-common/../sysdeps/arm/get-rounding-mode.h
fn=__printf_fp_buffer_1.isra.0
38 5 1 1 0 0 0 0 0 0
fl=./stdio-common/../sysdeps/pthread/allocalim.h
fn=__printf_fp_buffer_1.isra.0
27 10 0 0 0 0 0 0 0 0
29 75 1 1 10 0 0 5 0 0
fl=./stdio-common/Xprintf_buffer_done.c
fn=???
26 16 2 2 16 0 0 0 0 0
fn=__printf_buffer_done
25 16 0 0 0 0 0 16 0 0
26 16 0 0 0 0 0 0 0 0
31 32 0 0 32 0 0 0 0 0
33 208 2 2 32 0 0 0 0 0
40 32 0 0 16 0 0 0 0 0
fl=./stdio-common/Xprintf_buffer_write.c
fn=__printf_buffer_to_file_done
27 70 0 0 0 0 0 420 0 0
fn=__printf_buffer_write
28 140 0 0 70 0 0 0 0 0
31 384 0 0 0 0 0 0 0 0
33 305 2 2 122 0 0 0 0 0
36 61 0 0 0 0 0 0 0 0
37 183 0 0 0 0 0 0 0 0
40 183 0 0 61 0 0 61 0 0
41 61 0 0 0 0 0 0 0 0
44 70 2 2 420 0 0 0 0 0
fl=./stdio-common/_itoa.c
fn=???
169 11 3 2 0 0 0 66 0 0
fn=_itoa_word
169 22 0 0 0 0 0 0 0 0
172 33 3 2 11 3 2 0 0 0
174 33 0 0 0 0 0 0 0 0
183 157 2 2 15 3 2 15 0 0
192 22 0 0 66 0 0 0 0 0
fl=./stdio-common/printf-parse.h
fn=__printf_buffer
55 35 2 2 5 0 0 0 0 0
82 188 0 0 0 0 0 16 0 0
fl=./stdio-common/printf.c
fn=__isoc99_vsscanf
28 8 3 2 0 0 0 32 0 0
fn=printf
28 120 2 2 56 3 3 16 0 0
32 8 0 0 0 0 0 8 0 0
33 40 0 0 24 2 2 0 0 0
37 88 4 0 40 0 0 0 0 0
fl=./stdio-common/printf_buffer_to_file.c
fn=???
49 8 0 0 0 0 0 32 0 0
fn=__printf_buffer_flush_to_file
49 16 0 0 0 0 0 0 0 0
51 56 0 0 32 0 0 16 0 0
53 32 2 2 8 0 0 0 0 0
58 16 0 0 0 0 0 0 0 0
59 56 2 2 24 2 1 0 0 0
65 16 0 0 0 0 0 0 0 0
104 16 0 0 32 0 0 0 0 0
fn=__printf_buffer_puts_1
30 16 2 2 16 0 0 0 0 0
fn=__printf_buffer_to_file_done
117 16 0 0 0 0 0 16 0 0
118 8 0 0 0 0 0 0 0 0
120 8 0 0 0 0 0 0 0 0
121 16 0 0 0 0 0 0 0 0
122 8 0 0 16 0 0 0 0 0
fn=__printf_buffer_to_file_init
109 8 0 0 0 0 0 0 0 0
111 8 0 0 0 0 0 8 0 0
112 8 2 0 0 0 0 0 0 0
118 8 0 0 8 0 0 0 0 0
fn=__printf_buffer_to_file_switch
30 32 0 0 32 0 0 0 0 0
40 32 0 0 0 0 0 0 0 0
41 16 0 0 0 0 0 0 0 0
44 32 0 0 0 0 0 48 0 0
45 16 0 0 0 0 0 0 0 0
fl=./stdio-common/printf_fp.c
fn=???
138 5 1 1 0 0 0 45 0 0
fn=__printf_buffer_flush_fp
1099 5 1 1 0 0 0 45 0 0
fn=__printf_buffer_write
91 40 0 0 40 0 0 0 0 0
fn=__printf_fp_buffer_1.isra.0
138 85 2 2 35 1 1 25 0 0
159 30 0 0 5 0 0 5 0 0
177 10 0 0 0 0 0 5 0 0
187 5 0 0 0 0 0 5 0 0
230 95 1 1 10 0 0 5 0 0
266 20 0 0 5 0 0 0 0 0
267 5 0 0 0 0 0 0 0 0
270 5 0 0 0 0 0 0 0 0
271 25 0 0 0 0 0 5 0 0
272 10 0 0 0 0 0 0 0 0
273 15 0 0 0 0 0 5 0 0
279 5 0 0 0 0 0 10 0 0
280 10 2 1 0 0 0 0 0 0
283 6 0 0 0 0 0 0 0 0
291 3 0 0 0 0 0 0 0 0
293 3 0 0 0 0 0 0 0 0
297 9 0 0 0 0 0 0 0 0
301 15 1 1 0 0 0 0 0 0
305 18 0 0 0 0 0 0 0 0
308 6 1 1 0 0 0 0 0 0
309 30 0 0 6 0 0 3 0 0
310 6 1 1 0 0 0 0 0 0
311 15 0 0 3 0 0 6 0 0
313 9 1 1 3 0 0 0 0 0
322 159 1 1 51 3 3 0 0 0
324 12 0 0 3 0 0 0 0 0
368 6 0 0 3 0 0 3 0 0
369 15 0 0 9 0 0 0 0 0
375 6 0 0 3 0 0 0 0 0
385 30 1 1 12 0 0 0 0 0
388 9 1 1 3 0 0 3 0 0
389 15 1 1 9 0 0 0 0 0
390 6 0 0 0 0 0 0 0 0
391 9 0 0 0 0 0 0 0 0
394 27 0 0 0 0 0 0 0 0
396 81 0 0 0 0 0 0 0 0
397 3 0 0 0 0 0 3 0 0
403 6 0 0 0 0 0 0 0 0
407 39 1 1 12 0 0 0 0 0
411 12 0 0 3 0 0 0 0 0
413 6 0 0 0 0 0 0 0 0
439 9 0 0 3 0 0 0 0 0
442 21 1 1 0 0 0 0 0 0
458 9 0 0 0 0 0 0 0 0
460 12 0 0 3 0 0 3 0 0
461 18 0 0 6 0 0 0 0 0
463 29 1 1 9 0 0 3 0 0
483 4 1 0 0 0 0 0 0 0
655 6 0 0 0 0 0 0 0 0
659 4 0 0 0 0 0 0 0 0
660 8 0 0 4 0 0 4 0 0
661 2 0 0 0 0 0 2 0 0
665 10 0 0 5 0 0 5 0 0
674 50 1 1 30 2 2 10 0 0
676 10 0 0 0 0 0 0 0 0
680 5 0 0 5 0 0 0 0 0
686 15 3 1 5 0 0 0 0 0
688 5 0 0 0 0 0 5 0 0
689 15 1 1 0 0 0 5 0 0
690 10 0 0 0 0 0 5 0 0
691 5 0 0 0 0 0 0 0 0
692 20 1 1 10 0 0 0 0 0
694 15 0 0 5 0 0 5 0 0
696 20 0 0 0 0 0 5 0 0
701 5 0 0 0 0 0 0 0 0
738 50 1 1 5 0 0 0 0 0
746 20 0 0 5 0 0 5 0 0
759 30 0 0 5 0 0 5 0 0
760 15 0 0 5 0 0 5 0 0
763 10 0 0 0 0 0 0 0 0
765 15 1 1 5 0 0 0 0 0
766 54 1 1 15 0 0 0 0 0
769 24 0 0 0 0 0 8 0 0
771 5 0 0 0 0 0 0 0 0
772 15 0 0 10 0 0 0 0 0
773 30 1 1 5 0 0 0 0 0
775 10 0 0 5 0 0 5 0 0
787 5 0 0 0 0 0 0 0 0
788 15 0 0 5 0 0 5 0 0
789 32 0 0 0 0 0 0 0 0
790 74 0 0 0 0 0 0 0 0
792 27 0 0 0 0 0 0 0 0
793 81 1 1 0 0 0 27 0 0
795 27 0 0 0 0 0 0 0 0
796 189 0 0 0 0 0 0 0 0
805 30 0 0 10 0 0 5 0 0
806 10 0 0 0 0 0 0 0 0
808 40 0 0 5 0 0 0 0 0
809 2 0 0 0 0 0 0 0 0
810 6 0 0 2 0 0 0 0 0
813 4 0 0 2 0 0 0 0 0
817 0 0 0 0 0 0 0 0 0
818 0 0 0 0 0 0 0 0 0
825 33 1 0 5 0 0 0 0 0
830 6 0 0 0 0 0 0 0 0
835 33 1 1 6 0 0 0 0 0
837 0 0 0 0 0 0 0 0 0
840 27 1 1 6 0 0 0 0 0
842 9 0 0 3 0 0 0 0 0
844 9 0 0 0 0 0 3 0 0
855 9 0 0 3 0 0 0 0 0
924 22 0 0 3 0 0 0 0 0
931 4 0 0 0 0 0 0 0 0
935 15 1 1 5 0 0 0 0 0
980 20 1 1 15 0 0 0 0 0
983 10 0 0 0 0 0 5 0 0
987 25 0 0 5 0 0 0 0 0
988 5 0 0 5 0 0 0 0 0
991 15 0 0 5 0 0 0 0 0
994 5 0 0 0 0 0 0 0 0
996 40 1 1 10 0 0 0 0 0
1001 10 0 0 0 0 0 0 0 0
1003 10 0 0 0 0 0 0 0 0
1006 20 1 1 10 0 0 0 0 0
1009 10 1 1 5 0 0 0 0 0
1012 0 0 0 0 0 0 0 0 0
1022 20 1 1 5 0 0 0 0 0
1024 20 0 0 10 0 0 0 0 0
1028 15 1 1 5 0 0 0 0 0
1030 50 0 0 65 0 0 0 0 0
fn=__printf_fp_l_buffer
1099 75 3 1 25 2 2 5 0 0
1102 15 0 0 5 0 0 0 0 0
1112 10 0 0 0 0 0 10 0 0
1115 20 0 0 0 0 0 5 0 0
1116 30 1 1 10 1 1 0 0 0
1117 15 1 0 0 0 0 0 0 0
1122 35 0 0 10 0 0 10 0 0
1126 5 0 0 0 0 0 0 0 0
1147 45 0 0 65 0 0 0 0 0
fn=hack_digit
88 120 0 0 0 0 0 160 0 0
91 40 0 0 0 0 0 0 0 0
93 120 0 0 40 0 0 0 0 0
95 88 0 0 96 0 0 0 0 0
96 96 0 0 0 0 0 16 0 0
101 48 0 0 0 0 0 0 0 0
105 168 1 1 48 0 0 48 0 0
107 96 0 0 72 0 0 24 0 0
108 24 0 0 24 0 0 0 0 0
110 48 0 0 24 0 0 24 0 0
111 176 1 1 50 0 0 0 0 0
112 28 0 0 0 0 0 2 0 0
122 120 0 0 24 0 0 0 0 0
123 24 0 0 0 0 0 0 0 0
124 76 0 0 38 0 0 38 0 0
127 104 0 0 0 0 0 0 0 0
128 120 0 0 160 0 0 0 0 0
fl=./stdio-common/snprintf.c
fn=scanf
26 8 1 1 0 0 0 16 0 0
fn=snprintf
26 104 1 0 48 1 1 16 0 0
30 8 0 0 0 0 0 8 0 0
31 24 0 0 0 0 0 8 0 0
35 88 0 0 40 0 0 0 0 0
fl=./stdio-common/vfprintf-internal.c
fn=__printf_buffer
263 15 0 0 0 0 0 0 0 0
264 10 0 0 0 0 0 0 0 0
266 5 1 1 0 0 0 0 0 0
600 240 0 0 80 3 3 48 3 1
627 112 3 2 48 4 4 32 0 0
631 16 0 0 0 0 0 16 0 0
634 32 0 0 0 0 0 16 0 0
638 48 0 0 0 0 0 32 2 1
642 16 0 0 0 0 0 16 4 1
653 64 0 0 0 0 0 0 0 0
655 48 0 0 16 0 0 0 0 0
659 48 0 0 16 0 0 0 0 0
663 256 3 2 96 5 3 16 0 0
683 27 0 0 0 0 0 27 0 0
684 27 0 0 0 0 0 27 0 0
685 27 0 0 0 0 0 54 0 0
687 27 0 0 0 0 0 27 0 0
690 27 0 0 0 0 0 27 0 0
691 27 0 0 0 0 0 0 0 0
692 27 0 0 0 0 0 0 0 0
693 27 0 0 0 0 0 0 0 0
694 27 0 0 0 0 0 0 0 0
695 81 0 0 0 0 0 27 0 0
698 27 0 0 0 0 0 0 0 0
699 81 0 0 0 0 0 27 0 0
705 420 5 4 167 9 7 32 0 0
744 25 0 0 20 1 1 0 0 0
784 11 3 2 11 0 0 0 0 0
813 5 0 0 0 0 0 0 0 0
814 15 1 1 5 0 0 0 0 0
840 20 0 0 0 0 0 5 0 0
855 70 1 1 20 2 2 0 0 0
973 25 0 0 5 0 0 0 0 0
976 120 2 2 40 0 0 30 0 0
996 35 0 0 15 0 0 10 0 0
997 10 0 0 0 0 0 5 0 0
1001 5 0 0 0 0 0 0 0 0
1018 81 2 2 27 0 0 27 0 0
1024 27 0 0 0 0 0 0 0 0
1028 108 0 0 0 0 0 0 0 0
1031 114 0 0 38 0 0 0 0 0
1044 144 0 0 208 0 0 0 0 0
1522 8 2 2 0 0 0 56 0 0
fn=__vfprintf_internal
1522 128 3 3 48 3 3 8 0 0
1525 40 4 3 8 3 2 1 0 0
1529 40 0 0 8 2 2 0 0 0
1540 24 0 0 8 3 2 0 0 0
1543 32 3 2 0 0 0 0 0 0
1544 40 0 0 0 0 0 0 0 0
1545 32 6 3 0 0 0 0 0 0
1567 80 0 0 88 0 0 0 0 0
fn=printf_positional
600 16 2 2 0 0 0 144 3 1
fl=./stdio-common/vfprintf-process-arg.c
fn=__printf_buffer
35 22 0 0 0 0 0 11 0 0
37 33 1 1 11 0 0 0 0 0
39 5 0 0 0 0 0 0 0 0
50 22 0 0 0 0 0 0 0 0
52 22 0 0 0 0 0 0 0 0
57 22 0 0 0 0 0 11 0 0
58 33 0 0 0 0 0 11 0 0
60 11 3 2 0 0 0 0 0 0
136 33 3 2 11 0 0 0 0 0
138 33 2 2 0 0 0 11 0 0
155 121 3 2 22 0 0 11 0 0
161 110 0 0 11 0 0 11 0 0
166 22 0 0 0 0 0 11 0 0
175 11 0 0 0 0 0 0 0 0
186 33 0 0 11 0 0 0 0 0
187 121 2 2 33 0 0 0 0 0
195 44 3 2 22 0 0 0 0 0
197 33 2 2 11 0 0 0 0 0
199 22 0 0 0 0 0 0 0 0
201 121 2 2 44 0 0 22 0 0
205 11 0 0 0 0 0 0 0 0
208 66 0 0 33 0 0 0 0 0
211 33 0 0 11 0 0 0 0 0
224 22 3 2 0 0 0 0 0 0
230 22 0 0 0 0 0 0 0 0
233 22 0 0 0 0 0 0 0 0
236 33 2 2 11 0 0 0 0 0
240 55 2 2 22 0 0 0 0 0
403 44 2 2 11 0 0 0 0 0
408 22 0 0 0 0 0 0 0 0
422 77 4 4 0 0 0 0 0 0
430 33 0 0 11 0 0 0 0 0
435 44 4 4 0 0 0 0 0 0
455 22 0 0 0 0 0 0 0 0
501 44 3 2 0 0 0 0 0 0
502 11 0 0 0 0 0 0 0 0
fl=./stdlib/../sysdeps/ieee754/dbl-64/dbl2mpn.c
fn=???
33 5 1 1 0 0 0 15 0 0
fn=__mpn_extract_double
33 5 0 0 0 0 0 0 0 0
35 5 0 0 0 0 0 0 0 0
37 10 0 0 0 0 0 5 0 0
38 15 3 1 0 0 0 5 0 0
41 5 0 0 0 0 0 5 0 0
42 10 0 0 0 0 0 5 0 0
56 15 0 0 0 0 0 0 0 0
103 20 0 0 0 0 0 5 0 0
107 15 0 0 15 0 0 0 0 0
fl=./stdlib/../sysdeps/unix/sysv/linux/getrandom.c
fn=getenv
278 1 1 1 0 0 0 0 0 0
fl=./stdlib/cmp.c
fn=???
35 3 1 1 0 0 0 0 0 0
fn=__mpn_cmp
31 12 1 1 0 0 0 3 0 0
35 9 0 0 0 0 0 0 0 0
37 3 0 0 3 0 0 0 0 0
38 3 0 0 3 0 0 0 0 0
39 6 0 0 0 0 0 0 0 0
47 9 0 0 0 0 0 0 0 0
48 6 0 0 3 0 0 0 0 0
fl=./stdlib/cxa_atexit.c
fn=__cxa_at_quick_exit
80 1 1 1 0 0 0 4 0 0
fn=__cxa_atexit
68 2 0 0 0 0 0 0 0 0
fn=__internal_atexit
36 3 0 0 1 1 1 0 0 0
41 2 1 1 0 0 0 0 0 0
43 32 0 0 6 1 1 4 0 0
44 2 0 0 0 0 0 0 0 0
46 1 0 0 0 0 0 0 0 0
52 4 1 1 3 0 0 0 0 0
53 1 0 0 0 0 0 1 0 0
55 1 0 0 0 0 0 2 0 0
56 2 0 0 0 0 0 1 0 0
57 8 0 0 1 0 0 1 0 0
58 1 0 0 0 0 0 0 0 0
59 2 0 0 6 0 0 0 0 0
68 1 1 1 1 1 0 0 0 0
fn=__new_exitfn
36 1 1 1 0 0 0 6 0 0
80 1 0 0 0 0 0 0 0 0
86 5 1 1 2 2 1 0 0 0
91 7 0 0 2 1 0 0 0 0
93 3 0 0 1 1 1 0 0 0
94 0 0 0 0 0 0 0 0 0
101 1 0 0 0 0 0 1 0 0
122 1 0 0 0 0 0 0 0 0
123 2 1 1 0 0 0 1 0 0
134 1 0 0 0 0 0 0 0 0
136 2 0 0 0 0 0 1 0 0
137 7 0 0 3 0 0 2 0 0
141 1 0 0 4 0 0 0 0 0
fl=./stdlib/cxa_finalize.c
fn=__cxa_atexit
45 2 1 1 2 1 1 0 0 0
fn=__cxa_finalize
45 8 0 0 0 0 0 18 0 0
48 34 0 0 8 0 0 4 0 0
51 18 2 2 8 1 1 0 0 0
55 12 0 0 2 0 0 0 0 0
58 6 0 0 2 0 0 2 0 0
102 8 0 0 2 0 0 4 0 0
108 16 1 1 6 0 0 0 0 0
112 12 0 0 2 1 1 0 0 0
114 2 0 0 0 0 0 0 0 0
119 2 0 0 0 0 0 0 0 0
120 4 0 0 0 0 0 0 0 0
121 16 0 0 2 0 0 2 0 0
122 4 0 0 18 0 0 0 0 0
fl=./stdlib/cxa_thread_atexit_impl.c
fn=__call_tls_dtors
148 2 0 0 1 0 0 0 0 0
149 6 0 0 3 1 1 0 0 0
153 0 0 0 0 0 0 0 0 0
155 0 0 0 0 0 0 0 0 0
156 0 0 0 0 0 0 0 0 0
165 1 1 0 6 0 0 0 0 0
fn=__cxa_thread_atexit_impl
148 1 1 1 0 0 0 6 0 0
fl=./stdlib/divrem.c
fn=???
46 24 1 1 0 0 0 216 0 0
fn=__mpn_divrem
46 96 0 0 0 0 0 24 0 0
47 72 0 0 0 0 0 20 0 0
49 120 0 0 24 0 0 0 0 0
89 72 1 1 0 0 0 0 0 0
90 24 0 0 24 0 0 0 0 0
91 24 0 0 48 0 0 0 0 0
92 24 0 0 24 0 0 0 0 0
93 24 0 0 24 0 0 0 0 0
95 76 2 2 0 0 0 0 0 0
97 12 0 0 0 0 0 0 0 0
98 12 0 0 0 0 0 4 0 0
101 181 0 0 24 0 0 0 0 0
106 34 0 0 17 0 0 0 0 0
107 34 0 0 0 0 0 0 0 0
109 68 2 1 0 0 0 0 0 0
111 34 0 0 0 0 0 0 0 0
121 17 0 0 17 0 0 0 0 0
122 17 0 0 0 0 0 17 0 0
125 85 0 0 0 0 0 17 0 0
126 136 1 1 0 0 0 34 0 0
130 408 2 2 68 0 0 17 0 0
131 17 0 0 0 0 0 0 0 0
136 170 0 0 0 0 0 0 0 0
139 0 0 0 0 0 0 0 0 0
141 0 0 0 0 0 0 0 0 0
143 0 0 0 0 0 0 0 0 0
148 51 1 1 0 0 0 0 0 0
151 24 0 0 0 0 0 48 0 0
234 72 0 0 240 0 0 0 0 0
fl=./stdlib/exit.c
fn=???
45 1 1 1 0 0 0 3 0 0
fn=__run_exit_handlers
45 6 1 1 1 1 1 2 0 0
47 36 0 0 8 1 1 5 0 0
50 2 0 0 0 0 0 0 0 0
51 2 2 1 0 0 0 0 0 0
53 23 1 1 5 1 1 3 0 0
64 2 0 0 2 1 1 0 0 0
66 3 0 0 1 0 0 0 0 0
70 4 0 0 1 0 0 1 0 0
74 6 1 1 2 1 1 0 0 0
76 2 0 0 0 0 0 1 0 0
77 4 0 0 3 0 0 0 0 0
79 6 0 0 1 0 0 0 0 0
111 2 0 0 0 0 0 1 0 0
113 1 0 0 1 0 0 0 0 0
114 5 2 2 4 0 0 0 0 0
117 7 0 0 1 0 0 1 0 0
118 3 0 0 1 0 0 0 0 0
119 21 0 0 3 0 0 3 0 0
123 13 2 2 5 0 0 2 0 0
129 3 1 1 2 0 0 1 0 0
130 2 0 0 0 0 0 0 0 0
136 8 0 0 1 0 0 1 0 0
138 2 0 0 0 0 0 0 0 0
139 2 0 0 0 0 0 0 0 0
141 2 0 0 1 0 0 0 0 0
148 1 1 1 1 1 0 0 0 0
fn=exit
147 1 0 0 0 0 0 2 0 0
148 4 0 0 0 0 0 0 0 0
fl=./stdlib/getenv.c
fn=getentropy
25 3 1 1 0 0 0 27 0 0
fn=getenv
25 15 0 0 6 1 0 0 0 0
29 15 0 0 9 0 0 0 0 0
42 3 0 0 3 0 0 0 0 0
43 12 1 1 3 0 0 0 0 0
44 3 0 0 0 0 0 0 0 0
46 9 0 0 0 0 0 0 0 0
47 54 0 0 0 0 0 0 0 0
49 54 0 0 54 1 0 0 0 0
50 54 0 0 0 0 0 0 0 0
55 153 0 0 51 8 0 0 0 0
67 3 0 0 0 0 0 0 0 0
69 24 0 0 9 0 0 3 0 0
154 6 0 0 27 0 0 0 0 0
fl=./stdlib/lshift.c
fn=???
66 5 1 1 0 0 0 0 0 0
fn=__mpn_lshift
37 10 0 0 0 0 0 25 0 0
64 5 0 0 0 0 0 0 0 0
66 5 0 0 5 0 0 0 0 0
67 5 0 0 0 0 0 0 0 0
69 40 0 0 0 0 0 0 0 0
71 10 0 0 5 0 0 0 0 0
72 20 1 1 0 0 0 5 0 0
75 15 0 0 0 0 0 5 0 0
78 5 0 0 25 0 0 0 0 0
fl=./stdlib/mul_1.c
fn=__mpn_mul
29 40 1 1 0 0 0 80 0 0
fn=__mpn_mul_1
29 200 0 0 0 0 0 0 0 0
36 160 1 1 0 0 0 0 0 0
42 40 0 0 0 0 0 0 0 0
45 156 0 0 78 0 0 0 0 0
47 78 0 0 0 0 0 0 0 0
48 78 0 0 0 0 0 0 0 0
50 78 0 0 0 0 0 78 0 0
52 156 0 0 0 0 0 0 0 0
55 40 0 0 80 0 0 0 0 0
fl=./stdlib/rshift.c
fn=__mpn_mul_n
45 6 1 1 0 0 0 0 0 0
fn=__mpn_rshift
39 6 0 0 0 0 0 36 0 0
45 18 0 0 0 0 0 0 0 0
63 6 0 0 0 0 0 0 0 0
64 12 0 0 0 0 0 0 0 0
65 6 0 0 6 0 0 0 0 0
66 6 0 0 0 0 0 0 0 0
69 60 0 0 0 0 0 0 0 0
71 24 0 0 12 0 0 0 0 0
72 48 1 1 0 0 0 12 0 0
75 18 0 0 0 0 0 6 0 0
78 6 0 0 36 0 0 0 0 0
fl=./string/../include/rtld-malloc.h
fn=strdup
56 15 0 0 6 2 0 0 0 0
fl=./string/../sysdeps/arm/armv6/strchr.S
fn=???
28 14 3 3 14 1 1 0 0 0
fn=index
29 14 0 0 0 0 0 0 0 0
37 14 0 0 0 0 0 0 0 0
38 14 0 0 0 0 0 0 0 0
39 14 0 0 0 0 0 0 0 0
40 14 0 0 0 0 0 0 0 0
41 14 2 2 0 0 0 0 0 0
42 14 0 0 0 0 0 0 0 0
45 60 0 0 60 1 1 0 0 0
46 60 0 0 0 0 0 0 0 0
47 60 0 0 0 0 0 0 0 0
48 60 0 0 0 0 0 0 0 0
49 60 0 0 0 0 0 0 0 0
50 60 0 0 0 0 0 0 0 0
51 60 0 0 0 0 0 0 0 0
54 5 0 0 0 0 0 0 0 0
55 5 0 0 0 0 0 0 0 0
56 5 0 0 0 0 0 0 0 0
57 5 0 0 0 0 0 0 0 0
58 2 0 0 0 0 0 0 0 0
61 2 0 0 0 0 0 8 0 0
68 2 0 0 4 0 0 0 0 0
69 2 0 0 0 0 0 0 0 0
71 2 0 0 0 0 0 0 0 0
72 2 1 1 0 0 0 0 0 0
73 2 0 0 0 0 0 0 0 0
78 2 0 0 0 0 0 0 0 0
85 6 0 0 0 0 0 0 0 0
86 6 0 0 0 0 0 0 0 0
87 6 0 0 0 0 0 0 0 0
88 6 0 0 0 0 0 0 0 0
89 6 0 0 0 0 0 0 0 0
90 6 0 0 0 0 0 0 0 0
91 6 0 0 0 0 0 0 0 0
92 6 0 0 0 0 0 0 0 0
93 6 0 0 0 0 0 0 0 0
94 6 0 0 0 0 0 0 0 0
95 6 0 0 0 0 0 0 0 0
96 6 0 0 8 0 0 0 0 0
97 6 0 0 0 0 0 0 0 0
103 2 0 0 0 0 0 0 0 0
104 2 0 0 0 0 0 0 0 0
105 2 0 0 0 0 0 0 0 0
106 2 0 0 0 0 0 0 0 0
107 2 0 0 0 0 0 0 0 0
108 2 0 0 0 0 0 0 0 0
113 2 0 0 0 0 0 0 0 0
119 2 0 0 0 0 0 0 0 0
120 2 0 0 0 0 0 0 0 0
121 2 0 0 0 0 0 0 0 0
122 2 0 0 0 0 0 0 0 0
123 2 0 0 0 0 0 0 0 0
124 2 0 0 0 0 0 0 0 0
126 2 0 0 8 0 0 0 0 0
135 14 1 1 0 0 0 0 0 0
136 14 0 0 0 0 0 0 0 0
137 14 0 0 0 0 0 0 0 0
138 14 0 0 0 0 0 0 0 0
fl=./string/../sysdeps/arm/armv6/strrchr.S
fn=???
29 1 1 1 0 0 0 0 0 0
fn=rindex
30 1 0 0 0 0 0 0 0 0
31 1 0 0 0 0 0 0 0 0
34 1 0 0 0 0 0 0 0 0
35 1 0 0 0 0 0 0 0 0
36 1 0 0 1 1 0 0 0 0
37 1 0 0 0 0 0 0 0 0
38 1 0 0 0 0 0 0 0 0
39 1 0 0 0 0 0 0 0 0
40 1 0 0 0 0 0 0 0 0
41 1 0 0 0 0 0 0 0 0
42 1 0 0 0 0 0 0 0 0
43 1 0 0 0 0 0 0 0 0
44 1 0 0 0 0 0 0 0 0
47 1 0 0 0 0 0 4 0 0
54 1 0 0 0 0 0 0 0 0
56 1 0 0 0 0 0 0 0 0
57 1 0 0 0 0 0 0 0 0
61 1 0 0 0 0 0 0 0 0
62 1 0 0 0 0 0 0 0 0
67 2 0 0 4 0 0 0 0 0
71 2 1 1 0 0 0 0 0 0
72 2 0 0 0 0 0 0 0 0
73 2 0 0 0 0 0 0 0 0
74 2 0 0 0 0 0 0 0 0
75 2 0 0 0 0 0 0 0 0
76 2 0 0 0 0 0 0 0 0
77 2 0 0 0 0 0 0 0 0
78 2 0 0 0 0 0 0 0 0
79 1 0 0 0 0 0 0 0 0
80 1 0 0 0 0 0 0 0 0
81 1 0 0 0 0 0 0 0 0
82 1 0 0 0 0 0 0 0 0
83 1 0 0 0 0 0 0 0 0
84 1 0 0 0 0 0 0 0 0
85 1 0 0 0 0 0 0 0 0
86 1 0 0 0 0 0 0 0 0
87 1 0 0 0 0 0 0 0 0
88 1 0 0 0 0 0 0 0 0
89 1 0 0 0 0 0 0 0 0
97 1 0 0 0 0 0 0 0 0
104 1 1 1 0 0 0 0 0 0
105 1 0 0 0 0 0 0 0 0
106 1 0 0 0 0 0 0 0 0
107 1 0 0 0 0 0 0 0 0
108 1 0 0 0 0 0 0 0 0
109 1 0 0 0 0 0 0 0 0
111 1 0 0 4 0 0 0 0 0
119 1 0 0 0 0 0 0 0 0
120 1 0 0 0 0 0 0 0 0
121 1 0 0 0 0 0 0 0 0
122 1 0 0 0 0 0 0 0 0
123 1 0 0 0 0 0 0 0 0
124 1 0 0 0 0 0 0 0 0
fl=./string/../sysdeps/arm/armv6t2/string-fza.h
fn=strchrnul
37 316 0 0 0 0 0 0 0 0
52 201 0 0 0 0 0 0 0 0
fl=./string/../sysdeps/arm/armv6t2/strlen.S
fn=???
54 32 4 4 0 0 0 0 0 0
fn=strlen
55 32 0 0 0 0 0 64 0 0
60 32 0 0 0 0 0 0 0 0
61 32 0 0 0 0 0 0 0 0
62 32 0 0 0 0 0 0 0 0
63 32 0 0 0 0 0 0 0 0
64 32 0 0 0 0 0 0 0 0
65 12 0 0 0 0 0 0 0 0
66 12 0 0 0 0 0 0 0 0
69 20 0 0 40 1 1 0 0 0
70 20 0 0 0 0 0 0 0 0
71 20 0 0 0 0 0 0 0 0
73 40 0 0 0 0 0 0 0 0
74 40 0 0 0 0 0 0 0 0
75 40 0 0 0 0 0 0 0 0
76 40 0 0 0 0 0 0 0 0
77 40 6 5 0 0 0 0 0 0
80 30 0 0 60 0 0 0 0 0
81 30 0 0 0 0 0 0 0 0
82 30 0 0 0 0 0 0 0 0
83 30 0 0 0 0 0 0 0 0
84 30 0 0 0 0 0 0 0 0
85 30 0 0 0 0 0 0 0 0
86 30 0 0 0 0 0 0 0 0
89 18 0 0 36 0 0 0 0 0
90 18 0 0 0 0 0 0 0 0
91 18 0 0 0 0 0 0 0 0
92 18 0 0 0 0 0 0 0 0
93 18 0 0 0 0 0 0 0 0
94 18 0 0 0 0 0 0 0 0
95 18 0 0 0 0 0 0 0 0
98 10 0 0 20 0 0 0 0 0
99 10 0 0 0 0 0 0 0 0
100 10 0 0 0 0 0 0 0 0
101 10 0 0 0 0 0 0 0 0
102 10 0 0 0 0 0 0 0 0
103 10 0 0 0 0 0 0 0 0
104 10 0 0 0 0 0 0 0 0
105 10 0 0 0 0 0 0 0 0
106 10 0 0 0 0 0 0 0 0
109 32 0 0 0 0 0 0 0 0
110 32 0 0 0 0 0 0 0 0
111 32 0 0 0 0 0 0 0 0
112 32 0 0 0 0 0 0 0 0
114 32 0 0 0 0 0 0 0 0
116 32 0 0 0 0 0 0 0 0
117 32 0 0 64 0 0 0 0 0
121 32 0 0 0 0 0 0 0 0
122 32 0 0 0 0 0 0 0 0
126 20 3 3 40 2 2 0 0 0
127 20 0 0 0 0 0 0 0 0
128 20 0 0 0 0 0 0 0 0
129 20 0 0 0 0 0 0 0 0
130 20 3 3 0 0 0 0 0 0
131 20 0 0 0 0 0 0 0 0
132 20 0 0 0 0 0 0 0 0
133 20 0 0 0 0 0 0 0 0
134 20 0 0 0 0 0 0 0 0
135 20 0 0 0 0 0 0 0 0
136 20 0 0 0 0 0 0 0 0
137 20 0 0 0 0 0 0 0 0
138 20 0 0 0 0 0 0 0 0
fl=./string/../sysdeps/arm/armv7/multiarch/ifunc-memchr.h
fn=memccpy
25 1 1 1 0 0 0 0 0 0
fn=memchr
25 3 0 0 1 1 1 0 0 0
fl=./string/../sysdeps/arm/armv7/multiarch/ifunc-memcpy.h
fn=bcmp
28 1 1 1 0 0 0 0 0 0
fn=memcpy
28 3 0 0 1 1 0 0 0 0
fl=./string/../sysdeps/arm/armv7/multiarch/memchr.c
fn=memchr
32 1 0 0 0 0 0 0 0 0
fl=./string/../sysdeps/arm/armv7/multiarch/memcpy.c
fn=memcpy
32 1 0 0 0 0 0 0 0 0
fl=./string/../sysdeps/arm/armv7/multiarch/memcpy_impl.S
fn=__memcpy_neon
269 75 3 3 0 0 0 0 0 0
270 75 0 0 0 0 0 0 0 0
271 75 0 0 0 0 0 0 0 0
288 75 0 0 0 0 0 0 0 0
293 364 3 3 107 1 1 107 11 6
295 75 0 0 0 0 0 0 0 0
296 75 0 0 29 0 0 0 0 0
297 75 0 0 0 0 0 29 0 0
312 75 0 0 0 0 0 0 0 0
313 75 0 0 28 0 0 0 0 0
314 75 0 0 49 0 0 0 0 0
315 75 0 0 0 0 0 28 2 1
316 75 0 0 0 0 0 49 0 0
317 75 0 0 0 0 0 0 0 0
321 1 0 0 0 0 0 1 0 0
325 1 0 0 0 0 0 0 0 0
326 1 0 0 0 0 0 0 0 0
327 1 1 1 0 0 0 0 0 0
328 1 0 0 0 0 0 0 0 0
598 1 1 1 0 0 0 0 0 0
599 1 0 0 0 0 0 0 0 0
603 1 0 0 0 0 0 0 0 0
604 1 0 0 0 0 0 0 0 0
605 1 0 0 0 0 0 0 0 0
616 1 1 1 0 0 0 0 0 0
617 1 0 0 0 0 0 0 0 0
618 1 0 0 0 0 0 0 0 0
619 1 0 0 0 0 0 0 0 0
620 1 0 0 0 0 0 0 0 0
633 1 0 0 4 0 0 0 0 0
634 1 0 0 4 0 0 0 0 0
635 1 0 0 0 0 0 0 0 0
636 1 0 0 0 0 0 0 0 0
646 1 1 1 0 0 0 4 1 0
647 1 0 0 0 0 0 4 0 0
648 1 0 0 0 0 0 0 0 0
721 1 0 0 1 0 0 0 0 0
724 1 0 0 0 0 0 0 0 0
fn=memcpy
269 23 2 2 0 0 0 0 0 0
270 23 0 0 0 0 0 0 0 0
271 23 0 0 0 0 0 0 0 0
301 23 0 0 0 0 0 0 0 0
302 23 0 0 0 0 0 0 0 0
303 23 0 0 0 0 0 0 0 0
309 268 4 3 111 1 0 111 8 8
312 23 1 1 0 0 0 0 0 0
313 23 0 0 12 0 0 0 0 0
314 23 0 0 9 1 1 0 0 0
315 23 0 0 0 0 0 12 0 0
316 23 0 0 0 0 0 9 1 1
317 23 0 0 0 0 0 0 0 0
fl=./string/../sysdeps/arm/armv7/strcmp.S
fn=???
152 33 0 0 0 0 0 0 0 0
153 33 0 0 0 0 0 0 0 0
158 201 4 3 201 41 29 0 0 0
fn=strcmp
159 201 0 0 201 14 11 0 0 0
160 201 0 0 0 0 0 0 0 0
161 201 0 0 0 0 0 0 0 0
162 201 0 0 0 0 0 0 0 0
163 201 0 0 0 0 0 0 0 0
165 168 0 0 0 0 0 336 3 2
169 168 0 0 0 0 0 0 0 0
170 168 0 0 0 0 0 336 0 0
173 168 0 0 0 0 0 0 0 0
174 168 0 0 0 0 0 0 0 0
175 168 0 0 0 0 0 0 0 0
178 111 0 0 0 0 0 0 0 0
179 111 0 0 0 0 0 0 0 0
180 111 0 0 0 0 0 0 0 0
184 17 0 0 0 0 0 0 0 0
185 17 2 2 0 0 0 0 0 0
186 17 0 0 0 0 0 0 0 0
187 17 0 0 0 0 0 0 0 0
188 17 0 0 0 0 0 0 0 0
189 17 0 0 34 0 0 0 0 0
190 17 0 0 0 0 0 0 0 0
191 17 0 0 34 0 0 0 0 0
192 17 0 0 0 0 0 0 0 0
193 17 0 0 0 0 0 0 0 0
194 17 0 0 0 0 0 0 0 0
195 17 0 0 0 0 0 0 0 0
196 7 0 0 0 0 0 0 0 0
197 7 0 0 0 0 0 0 0 0
198 7 0 0 0 0 0 0 0 0
199 7 0 0 0 0 0 0 0 0
200 7 0 0 0 0 0 0 0 0
207 63 1 1 126 0 0 0 0 0
208 63 0 0 126 0 0 0 0 0
210 80 4 2 0 0 0 0 0 0
211 80 0 0 0 0 0 0 0 0
212 80 0 0 0 0 0 0 0 0
213 80 0 0 0 0 0 0 0 0
214 73 0 0 0 0 0 0 0 0
215 73 0 0 0 0 0 0 0 0
216 73 0 0 0 0 0 0 0 0
217 73 0 0 0 0 0 0 0 0
219 72 0 0 144 0 0 0 0 0
220 72 0 0 144 0 0 0 0 0
221 72 0 0 0 0 0 0 0 0
222 72 0 0 0 0 0 0 0 0
223 72 0 0 0 0 0 0 0 0
224 72 0 0 0 0 0 0 0 0
225 72 0 0 0 0 0 0 0 0
226 72 3 2 0 0 0 0 0 0
228 72 0 0 0 0 0 0 0 0
229 72 0 0 0 0 0 0 0 0
232 66 0 0 0 0 0 0 0 0
235 99 0 0 36 0 0 0 0 0
239 715 2 2 260 0 0 0 0 0
243 94 2 1 0 0 0 0 0 0
244 94 0 0 0 0 0 0 0 0
245 17 0 0 0 0 0 0 0 0
246 17 0 0 0 0 0 0 0 0
251 34 0 0 34 0 0 0 0 0
252 34 0 0 34 0 0 0 0 0
254 39 0 0 0 0 0 0 0 0
255 39 0 0 0 0 0 0 0 0
256 39 0 0 0 0 0 0 0 0
257 39 0 0 0 0 0 0 0 0
258 26 0 0 26 1 0 0 0 0
259 26 1 1 26 0 0 0 0 0
260 26 0 0 0 0 0 0 0 0
261 26 0 0 0 0 0 0 0 0
262 26 0 0 0 0 0 0 0 0
263 26 0 0 0 0 0 0 0 0
264 26 0 0 0 0 0 0 0 0
267 170 0 0 34 0 0 0 0 0
273 5 0 0 0 0 0 0 0 0
274 5 0 0 0 0 0 0 0 0
275 5 0 0 5 0 0 0 0 0
276 5 0 0 0 0 0 0 0 0
277 5 0 0 5 0 0 0 0 0
279 5 0 0 0 0 0 0 0 0
280 5 0 0 0 0 0 0 0 0
281 5 0 0 0 0 0 0 0 0
282 5 0 0 0 0 0 0 0 0
285 77 2 2 0 0 0 0 0 0
286 77 0 0 0 0 0 0 0 0
287 54 0 0 0 0 0 0 0 0
288 54 0 0 0 0 0 0 0 0
289 54 0 0 0 0 0 0 0 0
290 54 0 0 54 0 0 0 0 0
291 54 0 0 0 0 0 0 0 0
292 36 0 0 0 0 0 0 0 0
318 27 0 0 27 0 0 0 0 0
319 27 0 0 0 0 0 0 0 0
320 27 0 0 0 0 0 0 0 0
321 27 0 0 0 0 0 0 0 0
322 27 0 0 0 0 0 0 0 0
325 45 0 0 45 0 0 0 0 0
326 45 1 1 0 0 0 0 0 0
327 45 0 0 0 0 0 0 0 0
328 45 0 0 0 0 0 0 0 0
329 44 0 0 0 0 0 0 0 0
333 1 0 0 0 0 0 0 0 0
334 1 0 0 1 0 0 0 0 0
341 1 0 0 0 0 0 0 0 0
345 53 0 0 0 0 0 0 0 0
351 76 1 1 76 1 1 0 0 0
352 76 0 0 0 0 0 0 0 0
354 76 0 0 0 0 0 0 0 0
355 76 0 0 76 0 0 0 0 0
356 76 0 0 0 0 0 0 0 0
357 57 0 0 0 0 0 0 0 0
361 97 0 0 0 0 0 0 0 0
362 97 0 0 0 0 0 0 0 0
363 97 0 0 0 0 0 0 0 0
364 97 0 0 0 0 0 0 0 0
365 97 0 0 0 0 0 0 0 0
366 89 0 0 0 0 0 0 0 0
367 65 0 0 65 0 0 0 0 0
368 65 0 0 0 0 0 0 0 0
369 65 0 0 0 0 0 0 0 0
370 65 0 0 0 0 0 0 0 0
371 65 0 0 65 1 1 0 0 0
372 65 0 0 0 0 0 0 0 0
374 8 1 1 0 0 0 0 0 0
375 8 0 0 0 0 0 0 0 0
378 24 0 0 0 0 0 0 0 0
379 24 0 0 0 0 0 0 0 0
383 1 0 0 1 0 0 0 0 0
384 1 0 0 2 0 0 0 0 0
392 1 0 0 0 0 0 0 0 0
393 1 0 0 0 0 0 0 0 0
403 77 1 1 0 0 0 0 0 0
404 77 0 0 0 0 0 0 0 0
405 77 0 0 0 0 0 0 0 0
406 77 2 2 0 0 0 0 0 0
407 77 0 0 0 0 0 0 0 0
408 75 0 0 0 0 0 0 0 0
409 52 0 0 52 0 0 0 0 0
410 52 0 0 0 0 0 0 0 0
411 52 0 0 0 0 0 0 0 0
412 52 0 0 0 0 0 0 0 0
413 52 0 0 52 2 2 0 0 0
414 52 0 0 0 0 0 0 0 0
416 2 0 0 0 0 0 0 0 0
417 2 0 0 0 0 0 0 0 0
419 23 0 0 0 0 0 0 0 0
420 23 0 0 0 0 0 0 0 0
422 7 0 0 7 0 0 0 0 0
423 7 0 0 0 0 0 0 0 0
427 7 0 0 0 0 0 0 0 0
436 62 3 2 0 0 0 0 0 0
437 62 0 0 0 0 0 0 0 0
438 62 0 0 0 0 0 0 0 0
439 62 0 0 0 0 0 0 0 0
440 62 0 0 0 0 0 0 0 0
441 62 0 0 0 0 0 0 0 0
442 43 0 0 43 1 1 0 0 0
443 43 0 0 0 0 0 0 0 0
444 43 0 0 0 0 0 0 0 0
445 43 0 0 0 0 0 0 0 0
446 43 0 0 43 1 1 0 0 0
447 43 0 0 0 0 0 0 0 0
452 19 0 0 0 0 0 0 0 0
453 19 0 0 0 0 0 0 0 0
454 15 0 0 15 0 0 0 0 0
456 15 0 0 0 0 0 0 0 0
457 15 0 0 0 0 0 0 0 0
458 15 0 0 0 0 0 0 0 0
461 43 1 1 0 0 0 0 0 0
462 43 0 0 86 0 0 0 0 0
470 43 0 0 0 0 0 0 0 0
475 32 1 1 0 0 0 0 0 0
476 32 0 0 0 0 0 0 0 0
479 32 0 0 0 0 0 0 0 0
480 32 0 0 0 0 0 0 0 0
481 32 0 0 0 0 0 0 0 0
482 32 0 0 0 0 0 0 0 0
483 32 0 0 0 0 0 0 0 0
484 32 0 0 0 0 0 0 0 0
485 32 0 0 0 0 0 0 0 0
486 32 0 0 64 0 0 0 0 0
493 32 0 0 0 0 0 0 0 0
494 32 0 0 0 0 0 0 0 0
fl=./string/../sysdeps/arm/memset.S
fn=memset
28 34 3 3 0 0 0 0 0 0
29 34 0 0 0 0 0 0 0 0
30 34 0 0 0 0 0 0 0 0
33 29 0 0 0 0 0 0 0 0
34 29 3 2 0 0 0 0 0 0
35 29 0 0 0 0 0 0 0 0
36 29 0 0 0 0 0 0 0 0
38 29 0 0 0 0 0 0 0 0
39 29 0 0 0 0 0 0 0 0
40 29 0 0 0 0 0 0 0 0
41 29 0 0 0 0 0 0 0 0
44 172 0 0 0 0 0 0 0 0
45 172 0 0 0 0 0 318 47 46
46 172 0 0 0 0 0 0 0 0
47 172 0 0 0 0 0 314 1 0
48 172 0 0 0 0 0 0 0 0
49 172 1 1 0 0 0 288 0 0
50 172 0 0 0 0 0 0 0 0
51 172 0 0 0 0 0 286 5 5
52 172 0 0 0 0 0 0 0 0
54 29 3 2 0 0 0 0 0 0
56 41 0 0 0 0 0 0 0 0
57 41 0 0 0 0 0 7 1 1
58 41 0 0 0 0 0 0 0 0
59 41 0 0 0 0 0 7 0 0
60 41 0 0 0 0 0 0 0 0
61 41 0 0 0 0 0 7 0 0
62 41 0 0 0 0 0 0 0 0
63 41 0 0 0 0 0 7 0 0
64 41 0 0 0 0 0 0 0 0
66 34 0 0 0 0 0 0 0 0
fl=./string/../sysdeps/generic/string-fzi.h
fn=strchrnul
39 86 0 0 0 0 0 0 0 0
fl=./string/../sysdeps/generic/string-misc.h
fn=strchrnul
42 129 0 0 0 0 0 0 0 0
fl=./string/../sysdeps/generic/string-shift.h
fn=strchrnul
33 86 0 0 0 0 0 0 0 0
fl=./string/memcmp.c
fn=bcmp
118 3 0 0 0 0 0 0 0 0
122 1 0 0 1 1 1 0 0 0
123 1 0 0 1 1 1 0 0 0
125 1 0 0 0 0 0 0 0 0
144 1 0 0 0 0 0 0 0 0
145 1 1 1 0 0 0 0 0 0
146 1 0 0 0 0 0 0 0 0
154 1 0 0 1 0 0 0 0 0
155 2 0 0 1 0 0 0 0 0
156 2 0 0 0 0 0 0 0 0
160 1 0 0 1 0 0 0 0 0
161 2 0 0 1 0 0 0 0 0
162 2 1 1 0 0 0 0 0 0
166 1 0 0 1 0 0 0 0 0
167 2 0 0 1 0 0 0 0 0
168 2 1 1 0 0 0 0 0 0
172 1 0 0 1 0 0 0 0 0
173 1 0 0 1 0 0 0 0 0
174 2 0 0 0 0 0 0 0 0
177 2 0 0 0 0 0 0 0 0
178 1 0 0 0 0 0 0 0 0
181 2 1 1 0 0 0 0 0 0
186 2 0 0 0 0 0 0 0 0
298 6 0 0 0 0 0 0 0 0
301 6 0 0 0 0 0 0 0 0
302 6 0 0 0 0 0 0 0 0
305 12 0 0 0 0 0 0 0 0
309 2 0 0 0 0 0 0 0 0
325 2 0 0 0 0 0 0 0 0
326 1 0 0 0 0 0 0 0 0
333 3 0 0 0 0 0 0 0 0
334 1 0 0 0 0 0 0 0 0
339 93 1 1 0 0 0 0 0 0
341 34 0 0 34 0 0 0 0 0
342 34 0 0 34 3 3 0 0 0
343 34 0 0 0 0 0 0 0 0
346 68 0 0 0 0 0 0 0 0
351 2 1 1 0 0 0 0 0 0
352 12 1 1 54 0 0 0 0 0
fn=memchr
298 6 2 1 0 0 0 54 1 1
fl=./string/strchrnul.c
fn=index
35 43 1 1 0 0 0 86 3 1
fn=strchrnul
38 43 0 0 0 0 0 0 0 0
42 43 0 0 43 6 6 0 0 0
44 86 4 2 0 0 0 0 0 0
45 12 0 0 0 0 0 0 0 0
48 115 0 0 115 8 8 0 0 0
49 230 0 0 0 0 0 0 0 0
51 31 0 0 0 0 0 0 0 0
52 43 0 0 86 0 0 0 0 0
fl=./string/strcspn.c
fn=???
32 1 1 1 0 0 0 4 0 0
fn=strcspn
32 3 0 0 0 0 0 0 0 0
33 3 0 0 1 1 1 0 0 0
34 3 0 0 1 0 0 0 0 0
39 5 0 0 0 0 0 0 0 0
40 4 1 1 0 0 0 0 0 0
41 4 0 0 0 0 0 0 0 0
42 4 0 0 0 0 0 0 0 0
47 7 0 0 3 0 0 3 0 0
48 6 0 0 0 0 0 0 0 0
51 3 0 0 2 0 0 0 0 0
52 4 0 0 2 0 0 0 0 0
53 4 0 0 2 0 0 0 0 0
54 4 1 1 2 0 0 0 0 0
56 1 0 0 0 0 0 0 0 0
62 24 0 0 24 0 0 0 0 0
63 12 0 0 12 0 0 0 0 0
64 24 0 0 24 0 0 0 0 0
65 12 0 0 12 0 0 0 0 0
67 72 0 0 24 0 0 0 0 0
69 1 0 0 0 0 0 0 0 0
70 3 0 0 0 0 0 0 0 0
71 2 0 0 4 0 0 0 0 0
fl=./string/strdup.c
fn=???
40 3 1 1 0 0 0 12 0 0
fn=strdup
40 3 0 0 0 0 0 0 0 0
41 6 0 0 0 0 0 0 0 0
44 3 0 0 0 0 0 0 0 0
47 9 0 0 0 0 0 0 0 0
48 3 0 0 12 0 0 0 0 0
fl=./string/strstr.c
fn=strstr
45 8 2 2 0 0 0 0 0 0
77 88 0 0 32 3 3 80 0 0
82 24 2 2 8 3 3 0 0 0
84 24 0 0 0 0 0 0 0 0
85 24 0 0 0 0 0 0 0 0
161 80 0 0 104 0 0 0 0 0
fn=two_way_long_needle
77 8 2 2 8 3 3 0 0 0
fl=./termios/../string/bits/string_fortified.h
fn=tcgetattr
59 4 0 0 0 0 0 4 0 0
fl=./termios/../sysdeps/unix/sysv/linux/tcgetattr.c
fn=tcgetattr
34 11 1 1 5 1 1 1 0 0
38 6 0 0 0 0 0 0 0 0
40 1 0 0 0 0 0 0 0 0
42 1 0 0 1 0 0 0 0 0
43 2 0 0 2 0 0 2 0 0
44 1 0 0 0 0 0 1 0 0
45 2 0 0 1 0 0 1 0 0
46 2 0 0 1 0 0 1 0 0
51 3 0 0 0 0 0 2 0 0
63 12 1 1 6 0 0 6 0 0
77 9 1 0 6 0 0 0 0 0
fn=tcsetattr
34 1 1 1 0 0 0 2 0 0
fl=./time/../sysdeps/unix/sysv/linux/clock.c
fn=asctime
25 6 1 1 6 3 3 0 0 0
fn=clock
25 60 1 1 24 4 4 12 0 0
31 24 0 0 0 0 0 0 0 0
35 60 0 0 12 0 0 0 0 0
36 54 1 0 30 0 0 0 0 0
fl=./time/../sysdeps/unix/sysv/linux/clock_gettime.c
fn=__clock_gettime64
30 72 1 1 36 3 3 6 0 0
38 18 0 0 18 5 5 0 0 0
40 6 0 0 0 0 0 0 0 0
42 0 0 0 0 0 0 0 0 0
44 6 0 0 0 0 0 0 0 0
50 6 0 0 6 0 0 0 0 0
52 18 0 0 0 0 0 0 0 0
55 0 0 0 0 0 0 0 0 0
68 24 1 1 0 0 0 0 0 0
69 12 0 0 0 0 0 0 0 0
86 54 0 0 42 0 0 0 0 0
fn=clock_getres@@GLIBC_2.17
30 6 1 1 0 0 0 18 0 0
fl=/home/student/Color_Space_Conversion/LESSON_103_CSC/C/CSC_RGB_to_YCC_01.c
fn=CSC_RGB_to_YCC
310 4 0 0 0 0 0 1 0 0
312 4 0 0 0 0 0 3 0 0
313 2 1 1 0 0 0 2 0 0
317 1926 1 1 641 0 0 321 0 0
333 117120 0 0 38720 675 1 19520 0 0
334 153600 0 0 115200 0 0 0 0 0
336 320 0 0 0 0 0 0 0 0
349 5 0 0 2 0 0 0 0 0
fn=CSC_RGB_to_YCC_vectors
29 364800 1 1 19200 1 1 134400 1 1
33 326400 0 0 76800 0 0 38400 1 1
34 326400 0 0 76800 0 0 38400 0 0
35 384000 0 0 96000 0 0 57600 636 1
36 96000 0 0 19200 0 0 57600 72 1
37 96000 0 0 19200 0 0 57600 0 0
38 288000 1 1 76800 0 0 134400 0 0
40 268800 0 0 76800 0 0 134400 636 1
41 268800 1 1 76800 0 0 134400 336 1
42 38400 1 1 0 0 0 38400 0 0
43 307200 0 0 115200 0 0 38400 0 0
45 345600 1 1 76800 0 0 38400 0 0
46 326400 1 1 76800 0 0 38400 335 0
47 384000 2 2 96000 0 0 57600 0 0
48 76800 0 0 19200 0 0 57600 676 1
49 76800 0 0 19200 0 0 57600 0 0
50 288000 1 1 76800 0 0 134400 0 0
52 268800 1 1 76800 0 0 134400 977 1
53 268800 1 1 76800 0 0 134400 336 1
54 38400 0 0 0 0 0 38400 0 0
55 326400 1 1 115200 0 0 38400 0 0
97 268800 1 1 76800 340 0 134400 0 0
98 268800 1 1 76800 0 0 134400 676 1
99 115200 0 0 38400 0 0 76800 0 0
100 268800 1 1 76800 0 0 115200 676 1
102 268800 0 0 76800 0 0 134400 0 0
103 268800 1 1 76800 0 0 134400 675 0
104 115200 1 1 38400 0 0 76800 0 0
105 96000 0 0 38400 0 0 57600 0 0
108 326400 1 1 96000 0 0 19200 675 0
111 326400 0 0 96000 676 1 19200 0 0
113 96000 0 0 19200 0 0 0 0 0
fn=chrominance_downsample
310 1 1 1 0 0 0 2 0 0
fn=main
29 19200 1 1 0 0 0 19200 0 0
fl=/home/student/Color_Space_Conversion/LESSON_103_CSC/C/CSC_YCC_to_RGB_01.c
fn=???
53 38400 0 0 0 0 0 192000 0 0
fn=CSC_YCC_to_RGB
715 1 0 0 0 0 0 0 0 0
723 1 0 0 0 0 0 0 0 0
726 1 0 0 0 0 0 0 0 0
747 1 0 0 2 0 0 0 0 0
fn=CSC_YCC_to_RGB_neon_8
53 768000 1 1 38400 0 0 192000 3 3
55 307200 0 0 38400 0 0 115200 12 10
56 307200 1 1 38400 0 0 115200 0 0
57 230400 0 0 0 0 0 115200 6 5
59 230400 0 0 0 0 0 115200 0 0
60 230400 0 0 0 0 0 115200 0 0
61 268800 1 1 76800 0 0 153600 6 6
63 268800 1 1 76800 0 0 153600 0 0
64 268800 1 1 76800 0 0 153600 6 5
65 268800 0 0 76800 0 0 153600 6 5
66 268800 0 0 76800 0 0 153600 0 0
67 268800 0 0 76800 0 0 153600 0 0
68 230400 0 0 0 0 0 115200 6 5
70 230400 0 0 0 0 0 115200 0 0
71 230400 1 1 0 0 0 115200 0 0
72 230400 0 0 0 0 0 115200 0 0
73 230400 0 0 0 0 0 115200 6 5
74 230400 0 0 0 0 0 115200 0 0
75 460800 1 1 153600 0 0 230400 0 0
78 460800 1 1 153600 0 0 230400 6 5
79 460800 0 0 153600 0 0 230400 12 10
80 460800 1 1 153600 0 0 230400 6 5
81 460800 1 1 153600 0 0 230400 0 0
84 460800 1 1 153600 0 0 230400 0 0
85 384000 1 1 153600 0 0 230400 0 0
86 384000 1 1 153600 0 0 230400 0 0
87 384000 1 1 153600 0 0 230400 6 5
90 384000 1 1 153600 0 0 230400 0 0
91 384000 1 1 153600 0 0 230400 6 5
92 384000 0 0 153600 0 0 230400 0 0
93 230400 0 0 76800 0 0 153600 6 5
101 230400 1 1 76800 0 0 153600 0 0
102 230400 0 0 76800 0 0 153600 0 0
103 230400 0 0 76800 0 0 153600 0 0
105 230400 1 1 76800 0 0 115200 0 0
106 230400 0 0 76800 0 0 115200 1 1
107 460800 1 1 76800 0 0 115200 0 0
112 153600 0 0 192000 0 0 0 0 0
fn=CSC_YCC_to_RGB_neon_fused
482 4 0 0 1 1 1 0 0 0
483 2 0 0 0 0 0 1 0 0
484 2 0 0 0 0 0 1 0 0
491 2247 1 1 962 0 0 321 0 0
492 960 1 1 320 0 0 320 0 0
493 2878 0 0 960 0 0 320 0 0
495 2240 0 0 960 158 1 320 0 0
496 2240 1 1 960 0 0 320 0 0
497 2240 0 0 960 0 0 320 0 0
498 2240 0 0 960 0 0 320 0 0
507 614400 2 2 230080 0 0 76800 0 0
508 841280 0 0 458880 305 3 152960 80 0
509 841280 1 1 458880 1276 1197 152960 0 0
510 841280 0 0 458880 300 3 152960 0 0
511 841280 1 1 458880 1277 1197 152960 0 0
513 458880 0 0 152960 0 0 76480 0 0
514 458880 0 0 152960 0 0 76480 4 0
515 764800 1 1 305920 0 0 76480 0 0
517 458880 0 0 152960 0 0 76480 0 0
518 458880 0 0 152960 0 0 76480 0 0
519 764800 1 1 305920 0 0 76480 0 0
521 229440 0 0 76480 0 0 76480 0 0
522 611840 0 0 152960 0 0 76480 234 0
523 535360 1 1 152960 0 0 76480 0 0
524 611840 0 0 152960 0 0 76480 279 3
525 535360 0 0 152960 0 0 76480 0 0
527 611840 1 1 152960 0 0 76480 249 7
528 535360 0 0 152960 0 0 76480 0 0
529 611840 0 0 152960 0 0 76480 288 8
530 535360 0 0 152960 0 0 76480 0 0
535 960 0 0 320 0 0 320 0 0
536 960 0 0 320 0 0 320 0 0
538 3200 1 1 1920 0 0 640 0 0
539 3200 0 0 1920 0 0 640 5 0
540 1920 1 1 640 0 0 320 0 0
541 1920 0 0 640 0 0 320 0 0
543 2560 0 0 640 0 0 320 0 0
544 2240 1 1 640 0 0 320 0 0
545 2560 0 0 640 0 0 320 0 0
546 2240 0 0 640 0 0 320 0 0
548 2560 1 1 640 0 0 320 0 0
549 2240 0 0 640 0 0 320 0 0
550 2560 1 1 640 0 0 320 0 0
551 2240 0 0 640 0 0 320 0 0
557 2240 0 0 960 0 0 320 0 0
558 2560 1 1 960 0 0 320 0 0
559 6720 1 1 2880 0 0 960 0 0
560 7680 1 1 2880 0 0 960 0 0
562 640 0 0 0 0 0 320 0 0
563 116480 2 2 38720 340 0 19200 0 0
564 460800 1 1 192000 335 0 38400 0 0
565 460800 0 0 192000 670 0 38400 0 0
569 1280 0 0 320 0 0 0 0 0
589 5 1 0 5 1 1 0 0 0
fn=chrominance_array_upsample
482 1 1 1 0 0 0 5 0 0
fn=chrominance_array_upsample_neon
715 1 1 1 0 0 0 2 0 0
fl=/home/student/Color_Space_Conversion/LESSON_103_CSC/C/CSC_main.c
fn=???
17 1 1 1 0 0 0 3 0 0
fn=main
56 5 0 0 1 1 1 0 0 0
57 14 1 1 1 0 0 4 1 0
66 4 0 0 0 0 0 1 1 0
71 5 0 0 0 0 0 2 0 0
72 4 1 1 0 0 0 2 0 0
74 7 0 0 1 0 0 1 0 0
75 7 0 0 1 0 0 1 0 0
93 7 1 1 1 0 0 0 0 0
96 5 0 0 1 0 0 0 0 0
100 7 1 1 0 0 0 0 0 0
101 6 0 0 1 0 0 0 0 0
103 8 0 0 2 0 0 0 0 0
106 5 1 1 1 0 0 0 0 0
107 5 0 0 1 0 0 1 0 0
109 5 0 0 1 0 0 0 0 0
110 5 0 0 1 0 0 1 0 0
113 8 1 1 2 0 0 0 0 0
114 8 0 0 2 0 0 0 0 0
115 8 1 1 2 1 1 0 0 0
116 8 0 0 2 0 0 0 0 0
117 8 1 1 2 0 0 0 0 0
118 8 0 0 2 0 0 0 0 0
119 8 0 0 2 0 0 0 0 0
120 8 1 1 2 0 0 0 0 0
122 9 0 0 1 0 0 1 0 0
123 5 0 0 1 0 0 0 0 0
127 6 1 1 1 0 0 0 0 0
129 10 1 1 1 0 0 1 0 0
130 5 0 0 1 0 0 0 0 0
135 10 1 1 1 0 0 1 0 0
136 5 0 0 1 0 0 0 0 0
141 10 1 1 1 0 0 1 0 0
142 5 0 0 1 0 0 0 0 0
147 7690 2 2 1281 0 0 641 0 0
148 3692800 1 1 615040 0 0 307840 0 0
149 6144000 1 1 1228800 1 1 307200 16575 4800
150 5529600 1 1 1536000 0 0 0 0 0
152 6144000 1 1 1228800 0 0 307200 16576 4801
153 5529600 1 1 1536000 0 0 0 0 0
155 6144000 1 1 1228800 0 0 307200 16651 4801
156 5529600 0 0 1536000 0 0 0 0 0
158 4 0 0 1 0 0 0 0 0
159 4 0 0 1 0 0 0 0 0
160 4 0 0 1 0 0 0 0 0
161 4 1 1 1 0 0 0 0 0
163 4 0 0 1 0 0 0 0 0
164 4 0 0 0 0 0 1 0 0
165 28 1 1 5 1 1 2 0 0
166 4 1 1 0 0 0 1 1 1
167 1 0 0 0 0 0 0 0 0
168 4 0 0 0 0 0 1 1 1
170 4 0 0 0 0 0 1 0 0
171 1 0 0 0 0 0 0 0 0
172 3 0 0 0 0 0 1 1 1
174 18 1 1 4 2 2 1 0 0
175 15 0 0 4 0 0 1 0 0
177 3 0 0 0 0 0 1 0 0
178 9 1 1 3 1 1 0 0 0
180 8 0 0 2 0 0 0 0 0
181 17 2 1 5 0 0 1 0 0
184 15 1 1 5 0 0 1 0 0
188 10 0 0 1 0 0 1 0 0
189 5 0 0 1 0 0 0 0 0
194 10 1 1 1 0 0 1 0 0
195 5 0 0 1 0 0 0 0 0
200 10 1 1 1 0 0 1 0 0
201 5 0 0 1 0 0 0 0 0
206 7690 2 2 1281 0 0 641 0 0
207 3692800 1 1 615040 0 0 307840 0 0
209 5529600 0 0 1536000 4801 4801 0 0 0
212 3850 1 1 641 0 0 321 0 0
213 924800 1 1 153920 0 0 77120 0 0
215 1382400 1 1 384000 1201 1200 0 0 0
217 1382400 1 1 384000 1201 1201 0 0 0
220 4 1 1 1 0 0 0 0 0
221 4 0 0 1 0 0 0 0 0
222 4 0 0 1 0 0 0 0 0
224 10 0 0 1 0 0 1 0 0
225 5 1 1 1 0 0 0 0 0
230 7690 1 1 1281 0 0 641 0 0
231 3692800 1 1 615040 0 0 307840 0 0
232 5529600 1 1 1536000 9526 4801 0 0 0
233 5529600 1 1 1536000 9526 4801 0 0 0
234 5529600 0 0 1536000 9526 4801 0 0 0
236 4 0 0 1 0 0 0 0 0
237 7 1 1 2 0 0 0 0 0
238 1 0 0 0 0 0 0 0 0
240 5 0 0 3 0 0 0 0 0
fn=open_with_fallback
17 10 0 0 1 1 1 2 1 0
18 22 1 1 7 0 0 7 0 0
30 6 1 1 1 0 0 1 0 0
32 6 0 0 2 0 0 1 0 0
34 4 1 1 2 0 0 0 0 0
37 18 0 0 4 1 0 0 0 0
38 16 1 1 4 0 0 0 0 0
39 8 0 0 2 0 0 0 0 0
40 6 0 0 2 0 0 0 0 0
45 7 1 1 2 0 0 1 0 0
47 3 0 0 1 0 0 0 0 0
48 2 0 0 1 0 0 0 0 0
54 4 1 0 3 0 0 0 0 0
56 1 1 1 0 0 0 3 0 0
fl=/usr/lib/gcc/arm-linux-gnueabihf/14/include/arm_neon.h
fn=CSC_RGB_to_YCC
6801 4 0 0 2 0 0 0 0 0
fn=CSC_RGB_to_YCC_vectors
4701 384000 1 1 153600 0 0 76800 0 0
7719 230400 1 1 115200 0 0 0 0 0
8608 1516800 6 6 902400 1 1 0 0 0
8720 710400 2 2 403200 0 0 0 0 0
10070 192000 1 1 76800 0 0 38400 340 0
10072 230400 0 0 76800 0 0 38400 0 0
10075 153600 1 1 76800 0 0 76800 0 0
10554 460800 3 3 230400 46482 14401 0 0 0
11921 192000 0 0 76800 0 0 38400 15494 4800
11922 288000 1 1 76800 0 0 96000 676 1
12476 153600 0 0 76800 0 0 38400 3672 2402
12477 115200 1 1 38400 0 0 38400 0 0
16876 153600 1 0 38400 0 0 76800 0 0
fn=CSC_YCC_to_RGB_neon_8
614 1843200 3 3 921600 0 0 460800 12 12
1183 4224000 6 6 1843200 0 0 1382400 30 25
1476 1305600 2 2 921600 0 0 0 0 0
1630 2457600 4 4 1228800 0 0 460800 12 10
1938 806400 0 0 460800 0 0 0 0 0
4526 768000 1 1 460800 0 0 0 0 0
6772 6912000 12 12 1382400 0 0 1382400 682 6
6779 6220800 9 9 1382400 0 0 921600 676 1
7189 576000 1 1 230400 0 0 0 0 0
7285 806400 1 1 115200 0 0 115200 6 5
7371 691200 0 0 230400 0 0 115200 0 0
7642 1612800 3 3 691200 0 0 460800 12 10
7677 345600 0 0 230400 0 0 0 0 0
7705 921600 3 3 230400 0 0 0 0 0
7719 806400 2 2 115200 0 0 230400 0 0
10554 806400 1 1 230400 28129 4800 115200 0 0
11921 691200 0 0 230400 0 0 115200 73410 14401
11922 729600 2 2 153600 0 0 153600 0 0
17869 345600 0 0 230400 0 0 0 0 0
fl=???
fn=???
0 9677521 45 31 3225858 34 16 29 0 0
fn=CSC_YCC_to_RGB
0 1 1 1 0 0 0 2 0 0
fn=____GI_memset_from_thumb
0 2 0 0 1 1 0 0 0 0
fn=____setcontext_from_thumb
0 1 1 1 0 0 0 0 0 0
fn=__aeabi_uidivmod
0 1113 3 2 477 0 0 477 3 1
fn=__get_errname
0 116 3 2 0 0 0 0 0 0
fn=__memcpy_from_thumb
0 6 0 0 3 0 0 0 0 0
fn=__udivsi3
0 15315 29 24 0 0 0 0 0 0
fn=_dl_help
0 1 1 1 1 1 1 0 0 0
fn=_dl_mcount_wrapper@GLIBC_2.4
0 43 2 2 0 0 0 0 0 0
summary: 207262989 1701 1445 68004825 136081 44732 37621106 192573 36913
